{"stats":{"minecraft:picked_up":{"minecraft:oak_button":2},"minecraft:custom":{"minecraft:jump":70,"minecraft:time_since_rest":20477,"minecraft:damage_dealt":10,"minecraft:damage_taken":320,"minecraft:leave_game":2,"minecraft:crouch_one_cm":286,"minecraft:time_since_death":20471,"minecraft:play_time":37018,"minecraft:sprint_one_cm":9267,"minecraft:walk_one_cm":15002,"minecraft:deaths":1,"minecraft:sneak_time":480,"minecraft:total_world_time":37018,"minecraft:fall_one_cm":5236,"minecraft:fly_one_cm":123140},"minecraft:used":{"minecraft:oak_button":7,"minecraft:oak_log":8},"minecraft:mined":{"minecraft:oak_button":1}},"DataVersion":3465}