{"stats":{"minecraft:picked_up":{"minecraft:iron_chestplate":2,"dedsafio_3:armadura_infernal_boots":1,"minecraft:coarse_dirt":1,"minecraft:creeper_head":1,"dedsafio_3:flashbang_spawn_egg":1,"minecraft:diamond_sword":1,"dedsafio_3:armadura_infernal_chestplate":1,"minecraft:shield":2,"minecraft:string":6,"minecraft:quartz_slab":1,"minecraft:iron_leggings":2,"minecraft:item_frame":1,"minecraft:diamond_leggings":2,"minecraft:spruce_planks":13,"dedsafio_3:fantasma_rojo_spawn_egg":1,"minecraft:poppy":3,"minecraft:phantom_membrane":2,"minecraft:iron_boots":2,"minecraft:spruce_stairs":1,"minecraft:porkchop":3,"minecraft:redstone":1,"dedsafio_3:fogata_spawn_egg":1,"minecraft:dark_oak_planks":3,"minecraft:quartz_block":1,"minecraft:rotten_flesh":23,"minecraft:arrow":10,"dedsafio_3:armadura_infernal_helmet":1,"dedsafio_3:r_evill_boss_spawn_egg":1,"minecraft:diamond_chestplate":2,"modminds:totemeon":1,"dedsafio_3:sapo_spawn_egg":1,"minecraft:diamond_boots":2,"dedsafio_3:armadura_infernal_leggings":1,"minecraft:totem_of_undying":55,"minecraft:bone_block":7,"minecraft:barrier":1,"dedsafio_3:medusa_spawn_egg":1,"dedsafio_3:revil_spawn_egg":1,"minecraft:leather":13,"minecraft:oak_log":64,"dedsafio_3:cetro_ancestral":1,"dedsafio_3:deditas":1,"dedsafio_3:infernal_bull_spawn_egg":1,"minecraft:gunpowder":2,"dedsafio_3:wild_fire_spawn_egg":1,"minecraft:dirt":61,"minecraft:paper":2,"dedsafio_3:infernal_sword":1,"minecraft:bone":25,"dedsafio_3:bone_spider_spawn_egg":1,"minecraft:bow":1,"minecraft:diamond_helmet":1,"dedsafio_3:creeper_cake_spawn_egg":1,"dedsafio_3:blaze_storm_spawn_egg":1,"minecraft:oak_planks":4,"minecraft:cooked_porkchop":21,"minecraft:stripped_acacia_wood":4,"dedsafio_3:creeper_warden_spawn_egg":1,"dedsafio_3:dedita_celeste":1,"minecraft:spider_eye":6,"dedsafio_3:tiki_guardian_spawn_egg":1,"minecraft:slime_ball":3,"dedsafio_3:esquelo_dog_spawn_egg":1,"minecraft:lever":1,"dedsafio_3:dedita_gold":1,"minecraft:iron_helmet":2,"minecraft:golden_apple":4,"dedsafio_3:manzana":3,"dedsafio_3:tiki_spawn_egg":1,"minecraft:oak_button":6,"dedsafio_3:rana_gigante_spawn_egg":1,"minecraft:coal":4,"minecraft:oak_leaves":1,"minecraft:wooden_axe":2},"minecraft:broken":{"minecraft:shield":2},"minecraft:used":{"minecraft:stripped_acacia_wood":6,"minecraft:netherite_sword":265,"minecraft:jungle_leaves":7,"minecraft:enchanting_table":1,"dedsafio_3:rana_gigante_spawn_egg":1,"minecraft:red_concrete":6,"minecraft:redstone":11,"minecraft:chest":2,"minecraft:spruce_planks":82,"minecraft:shield":35,"minecraft:ender_chest":1,"minecraft:stone":6,"minecraft:zombie_spawn_egg":1,"dedsafio_3:medusa_spawn_egg":6,"dedsafio_3:revil_spawn_egg":1,"dedsafio_3:fantasma_rojo_spawn_egg":2,"minecraft:dirt":11,"minecraft:anvil":4,"minecraft:target":3,"dedsafio_3:sapo_spawn_egg":1,"dedsafio_3:esquelo_dog_spawn_egg":1,"dedsafio_3:creeper_cake_spawn_egg":2,"minecraft:milk_bucket":5,"minecraft:dark_oak_planks":12,"dedsafio_3:espada_fantasmal":4,"minecraft:bookshelf":19,"dedsafio_3:flashbang_spawn_egg":11,"minecraft:quartz_slab":4,"minecraft:grass_block":22,"minecraft:oak_stairs":4,"minecraft:rooted_dirt":2,"dedsafio_3:tiki_guardian_spawn_egg":1,"minecraft:green_wool":1,"minecraft:polished_andesite_stairs":6,"minecraft:quartz_block":5,"immersive_paintings:glow_graffiti":5,"minecraft:totem_of_undying":63,"minecraft:item_frame":1,"minecraft:repeater":7,"minecraft:lime_concrete":7,"minecraft:spider_spawn_egg":2,"dedsafio_3:bone_spider_spawn_egg":1,"dedsafio_3:armadura_espacial_boots":1,"minecraft:bundle":2,"minecraft:polished_andesite":24,"minecraft:oak_planks":42,"minecraft:ender_pearl":10,"minecraft:redstone_block":52,"minecraft:golden_apple":18,"minecraft:glow_item_frame":1,"minecraft:crafting_table":3,"dedsafio_3:manzana":6,"minecraft:chiseled_quartz_block":2,"dedsafio_3:infernal_sword":20,"dedsafio_3:fogata_spawn_egg":1,"minecraft:oak_log":9,"minecraft:diamond_pickaxe":1,"minecraft:lever":3,"minecraft:command_block":8,"minecraft:light_gray_concrete":2,"minecraft:barrier":17,"modminds:corazon":3,"minecraft:oak_button":13,"dedsafio_3:tiki_spawn_egg":1,"minecraft:polished_andesite_slab":7,"dedsafio_3:creeper_warden_spawn_egg":1,"minecraft:diamond_sword":99,"minecraft:cooked_porkchop":2,"dedsafio_3:infernal_bull_spawn_egg":5,"minecraft:andesite":9,"dedsafio_3:wild_fire_spawn_egg":1,"dedsafio_3:blaze_storm_spawn_egg":1,"minecraft:repeating_command_block":1,"dedsafio_3:r_evill_boss_spawn_egg":1,"minecraft:splash_potion":3},"minecraft:mined":{"minecraft:dark_oak_planks":1,"minecraft:grass_block":1,"minecraft:spawner":1,"minecraft:coarse_dirt":1,"minecraft:grass":2,"minecraft:oak_button":3},"minecraft:custom":{"minecraft:mob_kills":95,"minecraft:interact_with_anvil":5,"minecraft:interact_with_crafting_table":7,"minecraft:open_barrel":8,"minecraft:leave_game":24,"minecraft:time_since_death":27505,"minecraft:climb_one_cm":143,"minecraft:sprint_one_cm":187762,"minecraft:walk_one_cm":416750,"minecraft:damage_blocked_by_shield":6540,"minecraft:drop":111,"minecraft:talked_to_villager":3,"minecraft:play_time":559251,"minecraft:deaths":66,"minecraft:sneak_time":9531,"minecraft:walk_under_water_one_cm":7730,"minecraft:jump":2071,"minecraft:walk_on_water_one_cm":4481,"minecraft:enchant_item":5,"minecraft:total_world_time":559251,"minecraft:time_since_rest":27512,"minecraft:open_enderchest":2,"minecraft:damage_taken":2147483647,"minecraft:damage_absorbed":2578,"minecraft:damage_dealt":38227,"minecraft:swim_one_cm":1790,"minecraft:fly_one_cm":1285798,"minecraft:player_kills":2,"minecraft:open_chest":7,"minecraft:crouch_one_cm":13927,"minecraft:interact_with_smoker":1,"minecraft:fall_one_cm":82294},"minecraft:crafted":{"minecraft:iron_boots":2,"minecraft:bundle":1,"modminds:shulker_bundle":1,"minecraft:iron_helmet":2,"minecraft:iron_chestplate":2,"minecraft:iron_leggings":2},"minecraft:dropped":{"dedsafio_3:fogata_spawn_egg":1,"minecraft:iron_ingot":64,"dedsafio_3:armadura_infernal_chestplate":1,"minecraft:oak_log":64,"minecraft:diamond_leggings":2,"immersive_paintings:glow_graffiti":1,"minecraft:barrier":1,"minecraft:iron_helmet":1,"dedsafio_3:infernal_sword":1,"dedsafio_3:bone_spider_spawn_egg":1,"dedsafio_3:dedita_gold":1,"minecraft:golden_apple":4,"dedsafio_3:tiki_guardian_spawn_egg":1,"dedsafio_3:armadura_infernal_helmet":1,"dedsafio_3:wild_fire_spawn_egg":1,"dedsafio_3:rana_gigante_spawn_egg":1,"dedsafio_3:creeper_cake_spawn_egg":1,"dedsafio_3:blaze_storm_spawn_egg":1,"modminds:totemeon":1,"dedsafio_3:sapo_spawn_egg":1,"minecraft:diamond_helmet":1,"dedsafio_3:revil_spawn_egg":1,"minecraft:iron_leggings":1,"dedsafio_3:creeper_warden_spawn_egg":1,"minecraft:paper":2,"dedsafio_3:armadura_infernal_leggings":1,"minecraft:iron_boots":1,"dedsafio_3:armadura_infernal_boots":1,"dedsafio_3:deditas":1,"dedsafio_3:fantasma_rojo_spawn_egg":1,"minecraft:totem_of_undying":56,"minecraft:diamond_sword":1,"minecraft:shield":2,"dedsafio_3:flashbang_spawn_egg":1,"minecraft:diamond_chestplate":2,"minecraft:iron_chestplate":1,"dedsafio_3:r_evill_boss_spawn_egg":1,"dedsafio_3:esquelo_dog_spawn_egg":1,"dedsafio_3:tiki_spawn_egg":1,"minecraft:diamond_boots":2,"dedsafio_3:infernal_bull_spawn_egg":1,"dedsafio_3:dedita_celeste":1,"dedsafio_3:medusa_spawn_egg":1},"minecraft:killed_by":{"minecraft:zombie":2,"dedsafio_3:medusa":1},"minecraft:killed":{"dedsafio_3:tiki_guardian":1,"dedsafio_3:tiki":1,"minecraft:cave_spider":4,"minecraft:giant":2,"dedsafio_3:medusa":2,"minecraft:spider":1,"dedsafio_3:esquelo_dog":1,"minecraft:phantom":2,"dedsafio_3:rana_gigante":5,"minecraft:skeleton":11,"dedsafio_3:fogata":1,"dedsafio_3:wild_fire":1,"dedsafio_3:fantasma_rojo":1,"minecraft:llama":1,"dedsafio_3:infernal_bull":4,"dedsafio_3:blaze_storm":3,"dedsafio_3:r_evill_boss":1,"dedsafio_3:bone_spider":6,"minecraft:husk":9,"dedsafio_3:sapo":3,"minecraft:hoglin":6,"minecraft:creeper":1,"minecraft:zombie":6,"dedsafio_3:revil":1,"minecraft:wither_skeleton":9,"dedsafio_3:creeper_cake":4,"minecraft:cow":2}},"DataVersion":3465}