{"stats":{"minecraft:broken":{"minecraft:shield":2},"minecraft:killed_by":{"minecraft:husk":1,"pacomodsforge:fantasmarojo":5,"minecraft:zombie":2,"dedsafio_3:medusa":1},"minecraft:crafted":{"minecraft:iron_boots":2,"minecraft:bundle":1,"minecraft:iron_helmet":2,"minecraft:iron_chestplate":2,"minecraft:iron_leggings":2},"minecraft:dropped":{"minecraft:iron_ingot":64,"dedsafio_3:fogata_spawn_egg":1,"dedsafio_3:armadura_infernal_chestplate":2,"pacomodsforge:espada":2,"modminds:nutritotem":10,"minecraft:porkchop":19,"minecraft:oak_log":64,"pacomodsforge:ender_bag":1,"minecraft:ender_pearl":3,"minecraft:diamond_leggings":2,"immersive_paintings:glow_graffiti":1,"minecraft:iron_helmet":1,"minecraft:barrier":1,"minecraft:cobblestone":128,"minecraft:book":1,"modminds:espada_infernal_curativa":1,"dedsafio_3:infernal_sword":1,"dedsafio_3:bone_spider_spawn_egg":1,"minecraft:leather":7,"dedsafio_3:dedita_gold":1,"minecraft:golden_apple":110,"pacomodsforge:portable_golden_anvil":1,"dedsafio_3:tiki_guardian_spawn_egg":1,"dedsafio_3:armadura_infernal_helmet":4,"dedsafio_3:wild_fire_spawn_egg":1,"dedsafio_3:rana_gigante_spawn_egg":1,"minecraft:golden_carrot":9,"minecraft:torch":64,"dedsafio_3:creeper_cake_spawn_egg":1,"dedsafio_3:blaze_storm_spawn_egg":1,"dedsafio_3:sapo_spawn_egg":1,"modminds:buho_totem":2,"minecraft:diamond_helmet":1,"dedsafio_3:revil_spawn_egg":1,"minecraft:iron_leggings":1,"minecraft:oak_stairs":6,"minecraft:sand":31,"dedsafio_3:creeper_warden_spawn_egg":1,"minecraft:paper":2,"dedsafio_3:armadura_infernal_leggings":3,"minecraft:bone":14,"modminds:churro":10,"minecraft:oak_planks":12,"minecraft:iron_boots":1,"dedsafio_3:altar_a":1,"dedsafio_3:armadura_infernal_boots":4,"minecraft:stripped_acacia_wood":3,"dedsafio_3:deditas":1,"dedsafio_3:fantasma_rojo_spawn_egg":1,"minecraft:totem_of_undying":92,"minecraft:diamond_sword":1,"minecraft:potato":1,"minecraft:shield":2,"dedsafio_3:flashbang_spawn_egg":1,"minecraft:diamond_chestplate":3,"minecraft:spruce_planks":3,"minecraft:iron_chestplate":1,"minecraft:diamond_pickaxe":1,"dedsafio_3:r_evill_boss_spawn_egg":1,"dedsafio_3:esquelo_dog_spawn_egg":1,"minecraft:golden_sword":1,"dedsafio_3:tiki_spawn_egg":1,"minecraft:diamond_boots":2,"minecraft:arrow":64,"minecraft:bow":1,"minecraft:beef":6,"dedsafio_3:infernal_bull_spawn_egg":1,"dedsafio_3:dedita_celeste":1,"minecraft:splash_potion":2,"dedsafio_3:medusa_spawn_egg":1},"minecraft:mined":{"minecraft:dark_oak_planks":1,"minecraft:grass_block":3,"minecraft:spawner":1,"minecraft:torch":1,"minecraft:tall_grass":3,"minecraft:cobblestone":13,"minecraft:coarse_dirt":1,"minecraft:grass":26,"minecraft:dirt":2,"minecraft:oak_button":3},"minecraft:custom":{"minecraft:interact_with_anvil":5,"minecraft:mob_kills":152,"minecraft:interact_with_crafting_table":8,"minecraft:open_barrel":15,"minecraft:leave_game":35,"minecraft:time_since_death":23834,"minecraft:climb_one_cm":143,"minecraft:damage_resisted":140,"minecraft:sprint_one_cm":373714,"minecraft:walk_one_cm":668471,"minecraft:damage_blocked_by_shield":6540,"minecraft:drop":203,"minecraft:talked_to_villager":4,"minecraft:play_time":753634,"minecraft:sneak_time":14311,"minecraft:deaths":75,"minecraft:walk_under_water_one_cm":12163,"minecraft:jump":3598,"minecraft:walk_on_water_one_cm":20965,"minecraft:enchant_item":5,"minecraft:total_world_time":753634,"minecraft:time_since_rest":23838,"minecraft:damage_absorbed":4607,"minecraft:damage_taken":2147483647,"minecraft:open_enderchest":3,"minecraft:damage_dealt":52850,"minecraft:swim_one_cm":15831,"minecraft:fly_one_cm":2272156,"minecraft:player_kills":2,"minecraft:open_chest":21,"minecraft:crouch_one_cm":21617,"minecraft:interact_with_smoker":1,"minecraft:fall_one_cm":159769},"minecraft:killed":{"dedsafio_3:tiki_guardian":1,"dedsafio_3:tiki":3,"minecraft:cave_spider":4,"minecraft:giant":2,"minecraft:spider":6,"dedsafio_3:esquelo_dog":3,"dedsafio_3:medusa":2,"minecraft:phantom":3,"dedsafio_3:rana_gigante":12,"minecraft:skeleton":11,"dedsafio_3:fogata":1,"dedsafio_3:wild_fire":1,"minecraft:chicken":1,"dedsafio_3:fantasma_rojo":1,"minecraft:llama":1,"dedsafio_3:infernal_bull":4,"dedsafio_3:blaze_storm":3,"dedsafio_3:r_evill_boss":1,"dedsafio_3:bone_spider":6,"minecraft:husk":9,"dedsafio_3:sapo":4,"minecraft:pig":1,"minecraft:hoglin":10,"minecraft:creeper":3,"pacomodsforge:fantasmarojo":2,"dedsafio_3:revil":1,"minecraft:zombie":7,"minecraft:wither_skeleton":23,"dedsafio_3:creeper_cake":13,"minecraft:cow":6},"minecraft:picked_up":{"minecraft:iron_chestplate":2,"dedsafio_3:armadura_infernal_boots":9,"minecraft:coarse_dirt":1,"minecraft:chicken":1,"minecraft:splash_potion":3,"minecraft:nether_wart":11,"dedsafio_3:flashbang_spawn_egg":1,"minecraft:creeper_head":2,"minecraft:diamond_sword":1,"minecraft:oak_stairs":20,"modminds:casino_spawn_egg":1,"minecraft:diamond_horse_armor":5,"dedsafio_3:armadura_infernal_chestplate":7,"minecraft:spider_spawn_egg":64,"minecraft:golden_sword":2,"minecraft:shield":2,"pacomodsforge:fantasmarojo_spawn_egg":76,"minecraft:string":10,"minecraft:iron_leggings":2,"modminds:churro":10,"minecraft:item_frame":1,"minecraft:quartz_slab":1,"minecraft:diamond_leggings":2,"minecraft:netherite_sword":1,"minecraft:spruce_planks":55,"minecraft:beef":12,"dedsafio_3:fantasma_rojo_spawn_egg":1,"minecraft:poppy":3,"minecraft:spruce_slab":1,"minecraft:phantom_membrane":3,"minecraft:iron_boots":2,"minecraft:stick":2,"pacomodsforge:bomba_r_voladora_spawn_egg":283,"minecraft:torch":465,"minecraft:spruce_stairs":13,"pacomodsforge:ender_bag":1,"minecraft:porkchop":43,"minecraft:redstone":1,"dedsafio_3:fogata_spawn_egg":1,"minecraft:dark_oak_planks":9,"minecraft:quartz_block":1,"dedsafio_3:armadura_infernal_helmet":9,"minecraft:arrow":248,"dedsafio_3:r_evill_boss_spawn_egg":1,"minecraft:rotten_flesh":35,"minecraft:diamond_chestplate":4,"modminds:totemeon":1,"minecraft:diamond_boots":2,"dedsafio_3:sapo_spawn_egg":1,"dedsafio_3:armadura_infernal_leggings":8,"minecraft:totem_of_undying":95,"minecraft:bone_block":15,"minecraft:cobblestone":436,"minecraft:barrier":2,"dedsafio_3:medusa_spawn_egg":1,"minecraft:golden_carrot":18,"dedsafio_3:revil_spawn_egg":1,"modminds:dedita_naranja":148,"modminds:buho_totem":1,"minecraft:leather":27,"minecraft:potato":2,"minecraft:oak_log":64,"dedsafio_3:cetro_ancestral":1,"dedsafio_3:deditas":1,"dedsafio_3:infernal_bull_spawn_egg":1,"minecraft:gunpowder":3,"dedsafio_3:wild_fire_spawn_egg":1,"minecraft:dirt":187,"minecraft:paper":5,"dedsafio_3:infernal_sword":1,"minecraft:bone":78,"pacomodsforge:blue_capsule":1,"dedsafio_3:bone_spider_spawn_egg":1,"minecraft:bow":5,"minecraft:wheat_seeds":23,"pacomodsforge:espada":3,"modminds:totem_espacial":1,"minecraft:iron_ingot":5,"modminds:nutritotem":6,"minecraft:diamond_helmet":1,"dedsafio_3:creeper_cake_spawn_egg":1,"minecraft:oak_planks":193,"dedsafio_3:blaze_storm_spawn_egg":1,"minecraft:dark_oak_stairs":16,"minecraft:book":1,"modminds:totem_revil":1,"modminds:espada_infernal_curativa":6,"minecraft:cooked_porkchop":21,"minecraft:stripped_acacia_wood":7,"minecraft:sand":31,"dedsafio_3:creeper_warden_spawn_egg":1,"dedsafio_3:dedita_celeste":1,"minecraft:spider_eye":13,"minecraft:spruce_door":2,"minecraft:barrel":1,"minecraft:polished_andesite":1,"dedsafio_3:tiki_guardian_spawn_egg":1,"minecraft:slime_ball":8,"minecraft:diamond":156,"dedsafio_3:dedita_gold":1,"dedsafio_3:esquelo_dog_spawn_egg":1,"minecraft:lever":1,"minecraft:iron_helmet":2,"minecraft:golden_apple":264,"minecraft:gray_wool":2,"dedsafio_3:manzana":3,"dedsafio_3:tiki_spawn_egg":1,"minecraft:emerald":192,"minecraft:oak_button":6,"dedsafio_3:rana_gigante_spawn_egg":1,"minecraft:coal":40,"minecraft:oak_leaves":1,"minecraft:diamond_pickaxe":6,"minecraft:wooden_axe":2,"minecraft:ender_pearl":6},"minecraft:used":{"minecraft:jungle_leaves":7,"minecraft:enchanting_table":1,"dedsafio_3:altar_objects":2,"dedsafio_3:rana_gigante_spawn_egg":1,"minecraft:red_concrete":6,"dedsafio_3:armadura_infernal_chestplate":1,"minecraft:redstone":11,"minecraft:chest":4,"dedsafio_3:medusa_spawn_egg":6,"minecraft:spruce_planks":82,"minecraft:ender_chest":4,"dedsafio_3:armadura_infernal_boots":1,"minecraft:shield":35,"minecraft:stone":6,"minecraft:zombie_spawn_egg":1,"dedsafio_3:fantasma_rojo_spawn_egg":2,"dedsafio_3:revil_spawn_egg":1,"minecraft:torch":10,"modminds:escaleras_de_tablones_amarillos_antiguos":4,"modminds:espada_infernal_curativa":190,"minecraft:dirt":56,"minecraft:anvil":4,"minecraft:target":3,"dedsafio_3:sapo_spawn_egg":1,"dedsafio_3:esquelo_dog_spawn_egg":1,"dedsafio_3:creeper_cake_spawn_egg":2,"modminds:casino_spawn_egg":45,"minecraft:milk_bucket":5,"minecraft:dark_oak_planks":12,"dedsafio_3:espada_fantasmal":4,"pacomodsforge:fantasmarojo_spawn_egg":5,"dedsafio_3:flashbang_spawn_egg":11,"minecraft:coal_ore":7,"minecraft:bookshelf":19,"minecraft:quartz_slab":4,"minecraft:oak_stairs":4,"minecraft:grass_block":85,"minecraft:rooted_dirt":2,"dedsafio_3:tiki_guardian_spawn_egg":1,"minecraft:green_wool":1,"minecraft:polished_andesite_stairs":6,"minecraft:quartz_block":5,"immersive_paintings:glow_graffiti":5,"minecraft:totem_of_undying":85,"minecraft:item_frame":1,"minecraft:repeater":7,"minecraft:lime_concrete":7,"minecraft:bow":9,"modminds:losa_de_tablones_amarillos_antiguos":9,"pacomodsforge:espada":39,"minecraft:spider_spawn_egg":7,"dedsafio_3:bone_spider_spawn_egg":1,"pacomodsforge:bomba_r_voladora_spawn_egg":19,"dedsafio_3:armadura_espacial_boots":1,"minecraft:diamond_boots":1,"minecraft:spruce_door":1,"minecraft:bundle":2,"minecraft:polished_andesite":26,"minecraft:oak_planks":42,"minecraft:ender_pearl":22,"minecraft:redstone_block":52,"minecraft:fletching_table":1,"minecraft:golden_apple":40,"minecraft:glow_item_frame":1,"minecraft:sand":4,"minecraft:crafting_table":3,"dedsafio_3:stone_plyaer":3,"dedsafio_3:manzana":6,"minecraft:chiseled_quartz_block":2,"dedsafio_3:infernal_sword":20,"dedsafio_3:fogata_spawn_egg":1,"minecraft:light":86,"minecraft:creeper_spawn_egg":7,"minecraft:oak_log":9,"minecraft:diamond_pickaxe":15,"minecraft:lever":3,"dedsafio_3:altar_a":1,"minecraft:command_block":8,"minecraft:light_gray_concrete":2,"minecraft:barrier":19,"minecraft:oak_button":13,"dedsafio_3:tiki_spawn_egg":3,"minecraft:polished_andesite_slab":7,"dedsafio_3:creeper_warden_spawn_egg":1,"minecraft:diamond_sword":110,"minecraft:cobblestone":38,"modminds:ladrillos_negros_agrietados":29,"dedsafio_3:infernal_bull_spawn_egg":5,"minecraft:cooked_porkchop":2,"minecraft:andesite":9,"dedsafio_3:blaze_storm_spawn_egg":1,"minecraft:repeating_command_block":1,"pacomodsforge:healingsword":3,"dedsafio_3:wild_fire_spawn_egg":1,"dedsafio_3:r_evill_boss_spawn_egg":1,"minecraft:netherite_sword":267,"minecraft:splash_potion":3,"minecraft:stripped_acacia_wood":6}},"DataVersion":3465}