{"stats":{"minecraft:picked_up":{"dedsafio_3:taxi":2},"minecraft:custom":{"minecraft:time_since_rest":18157,"minecraft:crouch_one_cm":587,"minecraft:play_time":18157,"minecraft:sprint_one_cm":5208,"minecraft:walk_one_cm":23252,"minecraft:sneak_time":269,"minecraft:drop":8,"minecraft:jump":27,"minecraft:damage_dealt":89,"minecraft:leave_game":1,"minecraft:time_since_death":18157,"minecraft:total_world_time":18157,"minecraft:fly_one_cm":23093},"minecraft:dropped":{"dedsafio_3:armadura_infernal_helmet":1,"dedsafio_3:armadura_infernal_chestplate":1,"dedsafio_3:infernal_sword":1,"dedsafio_3:tenedor":1,"dedsafio_3:armadura_infernal_boots":1,"dedsafio_3:armadura_infernal_leggings":1,"dedsafio_3:dedita_gold":1,"dedsafio_3:cuchara":1},"minecraft:used":{"dedsafio_3:fantasma_rojo_spawn_egg":1,"dedsafio_3:taxi":3,"dedsafio_3:flashbang_spawn_egg":4,"dedsafio_3:casino_d_3":3}},"DataVersion":3465}