{"stats":{"minecraft:mined":{"minecraft:oak_button":1},"minecraft:used":{"minecraft:spider_spawn_egg":2,"minecraft:oak_log":9,"minecraft:dark_oak_planks":4,"minecraft:netherite_sword":3,"minecraft:rooted_dirt":2,"minecraft:barrier":5,"dedsafio_3:flashbang_spawn_egg":8,"minecraft:grass_block":17,"minecraft:polished_andesite":24,"minecraft:redstone":4,"minecraft:oak_button":9,"minecraft:polished_andesite_stairs":6,"minecraft:stone":6,"minecraft:redstone_block":31,"minecraft:polished_andesite_slab":7,"immersive_paintings:glow_graffiti":5,"minecraft:totem_of_undying":1,"minecraft:lime_concrete":1,"minecraft:dirt":8,"minecraft:anvil":1,"minecraft:target":3,"minecraft:crafting_table":1,"minecraft:andesite":9,"dedsafio_3:infernal_sword":20,"dedsafio_3:infernal_bull_spawn_egg":2,"minecraft:splash_potion":2,"minecraft:milk_bucket":2},"minecraft:dropped":{"minecraft:iron_ingot":64,"minecraft:iron_chestplate":1,"immersive_paintings:glow_graffiti":1,"minecraft:iron_helmet":1,"minecraft:barrier":1,"minecraft:iron_leggings":1,"dedsafio_3:infernal_sword":1,"minecraft:iron_boots":1,"dedsafio_3:deditas":1,"minecraft:totem_of_undying":3,"travelersbackpack:standard":5,"dedsafio_3:dedita_gold":1,"dedsafio_3:dedita_celeste":1},"minecraft:picked_up":{"minecraft:iron_chestplate":1,"minecraft:barrier":1,"dedsafio_3:deditas":1,"dedsafio_3:dedita_celeste":1,"minecraft:dirt":60,"minecraft:string":2,"dedsafio_3:infernal_sword":1,"travelersbackpack:standard":5,"minecraft:iron_leggings":1,"dedsafio_3:dedita_gold":1,"minecraft:iron_helmet":1,"minecraft:poppy":3,"minecraft:totem_of_undying":3,"minecraft:oak_button":2,"minecraft:iron_boots":1},"minecraft:crafted":{"minecraft:iron_boots":2,"minecraft:iron_chestplate":2,"minecraft:iron_helmet":2,"minecraft:iron_leggings":2},"minecraft:custom":{"minecraft:time_since_rest":30256,"minecraft:sprint_one_cm":25401,"minecraft:damage_taken":2147483647,"minecraft:walk_one_cm":112455,"minecraft:mob_kills":7,"minecraft:interact_with_anvil":1,"minecraft:drop":19,"minecraft:damage_dealt":3265,"minecraft:interact_with_crafting_table":5,"minecraft:fly_one_cm":345032,"minecraft:player_kills":2,"minecraft:crouch_one_cm":4023,"minecraft:play_time":228650,"minecraft:deaths":2,"minecraft:sneak_time":3125,"minecraft:jump":256,"minecraft:leave_game":9,"minecraft:time_since_death":30250,"minecraft:walk_on_water_one_cm":420,"minecraft:total_world_time":228650,"minecraft:fall_one_cm":6285},"minecraft:killed":{"dedsafio_3:rana_gigante":2,"minecraft:giant":2,"dedsafio_3:infernal_bull":2,"minecraft:spider":1}},"DataVersion":3465}