{"stats":{"minecraft:dropped":{"dedsafio_3:taxi":1,"dedsafio_3:infernal_sword":1,"minecraft:grass_block":1},"minecraft:mined":{"minecraft:grass_block":2,"minecraft:tall_grass":5,"minecraft:moss_block":1,"minecraft:tall_seagrass":1,"minecraft:fletching_table":1,"minecraft:grass":9,"minecraft:dirt":1},"minecraft:picked_up":{"minecraft:netherite_boots":1,"minecraft:coarse_dirt":1,"minecraft:barrier":1,"dedsafio_3:medusa_spawn_egg":1,"dedsafio_3:flashbang_spawn_egg":1,"dedsafio_3:taxi":2,"minecraft:leather":4,"minecraft:filled_map":1,"minecraft:netherite_leggings":1,"minecraft:dirt":14,"dedsafio_3:infernal_sword":2,"minecraft:wheat_seeds":1,"minecraft:beef":6,"minecraft:fletching_table":3,"minecraft:enchanted_golden_apple":1,"minecraft:moss_block":1,"minecraft:white_bed":2,"minecraft:grass_block":2,"minecraft:rotten_flesh":1,"minecraft:netherite_helmet":1,"minecraft:grass":1,"minecraft:golden_apple":1,"dedsafio_3:manzana":1,"minecraft:totem_of_undying":6,"dedsafio_3:tiki_spawn_egg":1,"minecraft:netherite_chestplate":1,"minecraft:rooted_dirt":2},"minecraft:killed_by":{"minecraft:player":1,"dedsafio_3:bone_spider":1,"dedsafio_3:creeper_cake":1,"dedsafio_3:infernal_bull":1,"dedsafio_3:rana_gigante":1},"minecraft:used":{"minecraft:moss_block":1,"minecraft:netherite_sword":16,"minecraft:elytra":1,"minecraft:chest":1,"minecraft:zombie_spawn_egg":2,"minecraft:fletching_table":1,"minecraft:grass":2,"dedsafio_3:maza":6,"minecraft:golden_apple":2,"dedsafio_3:taxi":2,"minecraft:dirt":2,"dedsafio_3:creeper_cake_spawn_egg":2,"minecraft:white_bed":2,"dedsafio_3:manzana":1,"dedsafio_3:infernal_sword":59,"dedsafio_3:casino_d_3":20,"minecraft:obsidian":4,"minecraft:creeper_spawn_egg":1,"dedsafio_3:altar_a":1,"minecraft:firework_rocket":8,"immersive_paintings:painting":6,"dedsafio_3:flashbang_spawn_egg":1,"minecraft:grass_block":93,"minecraft:barrier":6,"dedsafio_3:tiki_spawn_egg":2,"minecraft:oak_pressure_plate":1,"immersive_paintings:glow_graffiti":5,"minecraft:totem_of_undying":8,"minecraft:end_crystal":3,"minecraft:coarse_dirt":2,"dedsafio_3:infernal_bull_spawn_egg":5},"minecraft:killed":{"dedsafio_3:tiki_guardian":1,"dedsafio_3:tiki":1,"dedsafio_3:esquelo_dog":1,"dedsafio_3:rana_gigante":1,"minecraft:trader_llama":1,"minecraft:zombie":1,"dedsafio_3:fogata":1,"dedsafio_3:fantasma_rojo":4,"dedsafio_3:infernal_bull":3,"dedsafio_3:creeper_cake":2,"dedsafio_3:taxi_23":2,"minecraft:cow":2},"minecraft:custom":{"minecraft:mob_kills":21,"minecraft:leave_game":21,"minecraft:time_since_death":2242,"minecraft:climb_one_cm":140,"minecraft:time_since_rest":2249,"minecraft:walk_one_cm":123659,"minecraft:sprint_one_cm":79239,"minecraft:open_enderchest":5,"minecraft:damage_taken":5609,"minecraft:damage_absorbed":531,"minecraft:drop":3,"minecraft:damage_dealt":5140,"minecraft:swim_one_cm":8851,"minecraft:talked_to_villager":3,"minecraft:fly_one_cm":737809,"minecraft:player_kills":2,"minecraft:open_chest":3,"minecraft:crouch_one_cm":12009,"minecraft:play_time":151620,"minecraft:deaths":13,"minecraft:sneak_time":4199,"minecraft:walk_under_water_one_cm":13622,"minecraft:aviate_one_cm":159756,"minecraft:jump":451,"minecraft:walk_on_water_one_cm":5197,"minecraft:total_world_time":151620,"minecraft:fall_one_cm":34416}},"DataVersion":3465}