{"stats":{"minecraft:mined":{"minecraft:grass":5,"minecraft:tall_grass":1},"minecraft:custom":{"minecraft:time_since_rest":7004,"minecraft:sprint_one_cm":27482,"minecraft:walk_one_cm":73122,"minecraft:damage_taken":2729,"minecraft:damage_absorbed":531,"minecraft:mob_kills":8,"minecraft:drop":2,"minecraft:damage_dealt":3108,"minecraft:swim_one_cm":8851,"minecraft:fly_one_cm":224474,"minecraft:player_kills":2,"minecraft:crouch_one_cm":9120,"minecraft:play_time":48650,"minecraft:deaths":5,"minecraft:sneak_time":2071,"minecraft:walk_under_water_one_cm":12057,"minecraft:jump":175,"minecraft:leave_game":9,"minecraft:walk_on_water_one_cm":3673,"minecraft:time_since_death":7000,"minecraft:climb_one_cm":140,"minecraft:total_world_time":48650,"minecraft:fall_one_cm":10663},"minecraft:killed":{"dedsafio_3:tiki_guardian":1,"dedsafio_3:fogata":1,"dedsafio_3:fantasma_rojo":4,"dedsafio_3:creeper_cake":1},"minecraft:used":{"minecraft:netherite_sword":5,"dedsafio_3:flashbang_spawn_egg":1,"minecraft:grass_block":41,"minecraft:grass":2,"minecraft:totem_of_undying":7,"minecraft:golden_apple":2,"minecraft:end_crystal":3,"minecraft:white_bed":1,"dedsafio_3:infernal_bull_spawn_egg":1,"dedsafio_3:infernal_sword":44,"dedsafio_3:manzana":1,"minecraft:obsidian":4},"minecraft:picked_up":{"minecraft:netherite_boots":1,"dedsafio_3:medusa_spawn_egg":1,"dedsafio_3:flashbang_spawn_egg":1,"minecraft:white_bed":1,"minecraft:grass_block":2,"minecraft:netherite_leggings":1,"dedsafio_3:infernal_sword":1,"minecraft:netherite_helmet":1,"minecraft:wheat_seeds":1,"minecraft:enchanted_golden_apple":1,"minecraft:grass":1,"minecraft:golden_apple":1,"dedsafio_3:manzana":1,"minecraft:netherite_chestplate":1,"minecraft:totem_of_undying":6,"minecraft:rooted_dirt":2},"minecraft:killed_by":{"dedsafio_3:infernal_bull":1,"minecraft:player":1,"dedsafio_3:bone_spider":1},"minecraft:dropped":{"dedsafio_3:infernal_sword":1,"minecraft:grass_block":1}},"DataVersion":3465}