{"stats":{"minecraft:mined":{"minecraft:grass":5,"minecraft:tall_grass":1},"minecraft:custom":{"minecraft:time_since_rest":126,"minecraft:sprint_one_cm":19814,"minecraft:walk_one_cm":54446,"minecraft:damage_taken":1139,"minecraft:damage_absorbed":371,"minecraft:mob_kills":8,"minecraft:drop":2,"minecraft:damage_dealt":2623,"minecraft:fly_one_cm":78025,"minecraft:crouch_one_cm":8171,"minecraft:play_time":33334,"minecraft:deaths":2,"minecraft:sneak_time":1437,"minecraft:jump":119,"minecraft:leave_game":4,"minecraft:time_since_death":99,"minecraft:total_world_time":33334,"minecraft:fall_one_cm":534},"minecraft:killed":{"dedsafio_3:tiki_guardian":1,"dedsafio_3:fogata":1,"dedsafio_3:fantasma_rojo":4,"dedsafio_3:creeper_cake":1},"minecraft:used":{"dedsafio_3:flashbang_spawn_egg":1,"minecraft:grass_block":41,"minecraft:totem_of_undying":5,"minecraft:grass":2,"minecraft:golden_apple":1,"dedsafio_3:manzana":1,"dedsafio_3:infernal_sword":44},"minecraft:picked_up":{"minecraft:netherite_boots":1,"dedsafio_3:medusa_spawn_egg":1,"dedsafio_3:flashbang_spawn_egg":1,"minecraft:grass_block":2,"minecraft:netherite_leggings":1,"dedsafio_3:infernal_sword":1,"minecraft:netherite_helmet":1,"minecraft:wheat_seeds":1,"minecraft:enchanted_golden_apple":1,"minecraft:grass":1,"minecraft:golden_apple":1,"dedsafio_3:manzana":1,"minecraft:netherite_chestplate":1,"minecraft:totem_of_undying":6,"minecraft:rooted_dirt":2},"minecraft:killed_by":{"minecraft:player":1,"dedsafio_3:bone_spider":1},"minecraft:dropped":{"dedsafio_3:infernal_sword":1,"minecraft:grass_block":1}},"DataVersion":3465}