{"stats":{"minecraft:used":{"minecraft:oak_log":6,"minecraft:oak_button":1},"minecraft:mined":{"minecraft:oak_button":1},"minecraft:custom":{"minecraft:jump":44,"minecraft:time_since_rest":7474,"minecraft:damage_dealt":10,"minecraft:damage_taken":320,"minecraft:crouch_one_cm":211,"minecraft:leave_game":1,"minecraft:play_time":24015,"minecraft:sprint_one_cm":7283,"minecraft:time_since_death":7468,"minecraft:walk_one_cm":12800,"minecraft:deaths":1,"minecraft:sneak_time":350,"minecraft:total_world_time":24015,"minecraft:fall_one_cm":4336,"minecraft:fly_one_cm":107011},"minecraft:picked_up":{"minecraft:oak_button":2}},"DataVersion":3465}