{"stats":{"minecraft:picked_up":{"minecraft:totem_of_undying":1,"minecraft:poppy":3,"minecraft:oak_button":2,"minecraft:string":2,"minecraft:dirt":60},"minecraft:custom":{"minecraft:time_since_rest":86477,"minecraft:crouch_one_cm":1717,"minecraft:sprint_one_cm":18764,"minecraft:play_time":103018,"minecraft:deaths":1,"minecraft:damage_taken":2147483647,"minecraft:walk_one_cm":53909,"minecraft:sneak_time":1451,"minecraft:mob_kills":5,"minecraft:drop":2,"minecraft:jump":155,"minecraft:damage_dealt":2235,"minecraft:leave_game":2,"minecraft:walk_on_water_one_cm":320,"minecraft:time_since_death":86471,"minecraft:total_world_time":103018,"minecraft:fly_one_cm":199594,"minecraft:fall_one_cm":5236,"minecraft:player_kills":2},"minecraft:killed":{"dedsafio_3:infernal_bull":2,"minecraft:spider":1,"minecraft:giant":2},"minecraft:used":{"minecraft:spider_spawn_egg":2,"minecraft:oak_log":9,"minecraft:dark_oak_planks":4,"minecraft:netherite_sword":3,"minecraft:dirt":8,"dedsafio_3:flashbang_spawn_egg":8,"minecraft:grass_block":17,"minecraft:rooted_dirt":1,"minecraft:oak_button":9,"dedsafio_3:infernal_sword":10,"dedsafio_3:infernal_bull_spawn_egg":2,"minecraft:stone":1,"immersive_paintings:glow_graffiti":5,"minecraft:redstone_block":5,"minecraft:splash_potion":2,"minecraft:totem_of_undying":1,"minecraft:milk_bucket":2},"minecraft:dropped":{"minecraft:totem_of_undying":1,"immersive_paintings:glow_graffiti":1},"minecraft:mined":{"minecraft:oak_button":1}},"DataVersion":3465}