{"stats":{"minecraft:picked_up":{"minecraft:cooked_beef":64,"dedsafio_3:taxi":2,"minecraft:wheat_seeds":1,"dedsafio_3:sc_3":1},"minecraft:mined":{"minecraft:grass":3,"minecraft:tall_grass":1},"minecraft:killed":{"dedsafio_3:tiki_guardian":1,"dedsafio_3:rana_gigante":1,"dedsafio_3:r_evill_boss":1,"dedsafio_3:fantasma_rojo":1,"dedsafio_3:infernal_bull":1,"dedsafio_3:medusa":1,"dedsafio_3:taxi_23":1},"minecraft:custom":{"minecraft:time_since_rest":3730,"minecraft:walk_one_cm":31481,"minecraft:sprint_one_cm":7989,"minecraft:damage_taken":625,"minecraft:damage_absorbed":40,"minecraft:mob_kills":7,"minecraft:drop":31,"minecraft:damage_dealt":11097,"minecraft:swim_one_cm":1387,"minecraft:fly_one_cm":86861,"minecraft:crouch_one_cm":1158,"minecraft:play_time":38471,"minecraft:deaths":2,"minecraft:sneak_time":716,"minecraft:walk_under_water_one_cm":468,"minecraft:jump":64,"minecraft:walk_on_water_one_cm":123,"minecraft:leave_game":1,"minecraft:time_since_death":3680,"minecraft:total_world_time":38471,"minecraft:fall_one_cm":3227},"minecraft:killed_by":{"minecraft:player":2},"minecraft:dropped":{"minecraft:diamond_sword":1,"dedsafio_3:armadura_infernal_helmet":1,"dedsafio_3:armadura_infernal_chestplate":1,"dedsafio_3:tenedor":1,"minecraft:cooked_beef":128,"minecraft:diamond_chestplate":1,"dedsafio_3:cuchara":1,"minecraft:diamond_leggings":1,"minecraft:diamond_helmet":1,"dedsafio_3:sc_3":2,"minecraft:diamond_boots":1,"dedsafio_3:infernal_sword":2,"minecraft:enchanted_golden_apple":1,"dedsafio_3:armadura_infernal_boots":1,"minecraft:totem_of_undying":6,"dedsafio_3:dedita_gold":1,"dedsafio_3:armadura_infernal_leggings":1,"minecraft:golden_apple":9},"minecraft:used":{"dedsafio_3:bone_spider_spawn_egg":13,"dedsafio_3:flashbang_spawn_egg":5,"dedsafio_3:rana_gigante_spawn_egg":2,"dedsafio_3:tiki_guardian_spawn_egg":2,"dedsafio_3:armadura_infernal_boots":1,"dedsafio_3:medusa_spawn_egg":1,"dedsafio_3:armadura_infernal_leggings":1,"dedsafio_3:fantasma_rojo_spawn_egg":7,"dedsafio_3:creeper_warden_spawn_egg":3,"dedsafio_3:armadura_infernal_chestplate":1,"minecraft:golden_apple":1,"dedsafio_3:taxi":3,"dedsafio_3:sapo_spawn_egg":4,"dedsafio_3:armadura_infernal_helmet":1,"dedsafio_3:creeper_cake_spawn_egg":5,"dedsafio_3:wild_fire_spawn_egg":1,"dedsafio_3:r_evill_boss_spawn_egg":1,"dedsafio_3:infernal_sword":30,"dedsafio_3:blaze_storm_spawn_egg":2,"dedsafio_3:infernal_bull_spawn_egg":4,"dedsafio_3:fogata_spawn_egg":1,"dedsafio_3:casino_d_3":3,"minecraft:creeper_spawn_egg":40}},"DataVersion":3465}