{"stats":{"minecraft:picked_up":{"minecraft:netherite_boots":1,"dedsafio_3:medusa_spawn_egg":1,"dedsafio_3:flashbang_spawn_egg":1,"minecraft:white_bed":1,"minecraft:grass_block":2,"minecraft:netherite_leggings":1,"dedsafio_3:infernal_sword":1,"minecraft:netherite_helmet":1,"minecraft:wheat_seeds":1,"minecraft:grass":1,"minecraft:golden_apple":1,"minecraft:enchanted_golden_apple":1,"dedsafio_3:manzana":1,"minecraft:netherite_chestplate":1,"minecraft:totem_of_undying":6,"minecraft:rooted_dirt":2},"minecraft:custom":{"minecraft:time_since_rest":73769,"minecraft:damage_absorbed":531,"minecraft:sprint_one_cm":42114,"minecraft:open_enderchest":1,"minecraft:damage_taken":2919,"minecraft:walk_one_cm":96118,"minecraft:mob_kills":11,"minecraft:drop":2,"minecraft:damage_dealt":3981,"minecraft:swim_one_cm":8851,"minecraft:fly_one_cm":445772,"minecraft:player_kills":2,"minecraft:open_chest":3,"minecraft:crouch_one_cm":9663,"minecraft:play_time":115415,"minecraft:deaths":5,"minecraft:sneak_time":2971,"minecraft:walk_under_water_one_cm":12057,"minecraft:aviate_one_cm":159756,"minecraft:jump":266,"minecraft:leave_game":13,"minecraft:time_since_death":73765,"minecraft:walk_on_water_one_cm":3673,"minecraft:climb_one_cm":140,"minecraft:total_world_time":115415,"minecraft:fall_one_cm":10663},"minecraft:killed":{"dedsafio_3:tiki_guardian":1,"dedsafio_3:rana_gigante":1,"minecraft:trader_llama":1,"dedsafio_3:fogata":1,"dedsafio_3:fantasma_rojo":4,"dedsafio_3:creeper_cake":2},"minecraft:killed_by":{"dedsafio_3:infernal_bull":1,"minecraft:player":1,"dedsafio_3:bone_spider":1},"minecraft:used":{"minecraft:netherite_sword":16,"dedsafio_3:altar_a":1,"minecraft:firework_rocket":8,"immersive_paintings:painting":6,"dedsafio_3:flashbang_spawn_egg":1,"minecraft:grass_block":68,"minecraft:barrier":1,"minecraft:elytra":1,"minecraft:chest":1,"immersive_paintings:glow_graffiti":5,"minecraft:oak_pressure_plate":1,"minecraft:grass":2,"minecraft:totem_of_undying":7,"minecraft:golden_apple":2,"minecraft:end_crystal":3,"minecraft:white_bed":1,"dedsafio_3:infernal_sword":47,"minecraft:coarse_dirt":1,"dedsafio_3:infernal_bull_spawn_egg":1,"dedsafio_3:manzana":1,"minecraft:obsidian":4},"minecraft:dropped":{"dedsafio_3:infernal_sword":1,"minecraft:grass_block":1},"minecraft:mined":{"minecraft:grass":6,"minecraft:tall_grass":1}},"DataVersion":3465}