{"stats":{"minecraft:custom":{"minecraft:time_since_rest":95752,"minecraft:crouch_one_cm":1717,"minecraft:sprint_one_cm":19503,"minecraft:play_time":112293,"minecraft:damage_taken":2147483647,"minecraft:deaths":1,"minecraft:walk_one_cm":56036,"minecraft:sneak_time":1451,"minecraft:mob_kills":5,"minecraft:drop":2,"minecraft:jump":156,"minecraft:damage_dealt":2235,"minecraft:leave_game":3,"minecraft:time_since_death":95746,"minecraft:walk_on_water_one_cm":320,"minecraft:total_world_time":112293,"minecraft:fall_one_cm":5236,"minecraft:fly_one_cm":207479,"minecraft:player_kills":2},"minecraft:picked_up":{"minecraft:poppy":3,"minecraft:totem_of_undying":1,"minecraft:oak_button":2,"minecraft:dirt":60,"minecraft:string":2},"minecraft:used":{"minecraft:oak_log":9,"minecraft:netherite_sword":3,"minecraft:dark_oak_planks":4,"minecraft:dirt":8,"dedsafio_3:flashbang_spawn_egg":8,"minecraft:grass_block":17,"minecraft:rooted_dirt":1,"minecraft:oak_button":9,"dedsafio_3:infernal_sword":10,"minecraft:splash_potion":2,"minecraft:stone":1,"dedsafio_3:infernal_bull_spawn_egg":2,"minecraft:redstone_block":5,"minecraft:milk_bucket":2,"immersive_paintings:glow_graffiti":5,"minecraft:totem_of_undying":1,"minecraft:spider_spawn_egg":2},"minecraft:mined":{"minecraft:oak_button":1},"minecraft:dropped":{"immersive_paintings:glow_graffiti":1,"minecraft:totem_of_undying":1},"minecraft:killed":{"dedsafio_3:infernal_bull":2,"minecraft:spider":1,"minecraft:giant":2}},"DataVersion":3465}