{"stats":{"minecraft:picked_up":{"minecraft:poppy":3,"minecraft:oak_button":2,"minecraft:dirt":60},"minecraft:custom":{"minecraft:time_since_rest":56477,"minecraft:crouch_one_cm":823,"minecraft:sprint_one_cm":9788,"minecraft:play_time":73018,"minecraft:deaths":1,"minecraft:damage_taken":320,"minecraft:walk_one_cm":28411,"minecraft:sneak_time":1164,"minecraft:mob_kills":2,"minecraft:jump":101,"minecraft:damage_dealt":1495,"minecraft:leave_game":2,"minecraft:walk_on_water_one_cm":320,"minecraft:time_since_death":56471,"minecraft:total_world_time":73018,"minecraft:fly_one_cm":173630,"minecraft:fall_one_cm":5236,"minecraft:player_kills":2},"minecraft:killed":{"minecraft:giant":2},"minecraft:used":{"minecraft:oak_log":9,"minecraft:netherite_sword":3,"minecraft:dirt":8,"minecraft:grass_block":17,"minecraft:rooted_dirt":1,"minecraft:oak_button":7,"minecraft:stone":1,"minecraft:redstone_block":5,"minecraft:milk_bucket":2},"minecraft:mined":{"minecraft:oak_button":1}},"DataVersion":3465}