{"stats":{"minecraft:used":{"dedsafio_3:infernal_sword":16,"minecraft:oak_pressure_plate":5,"dedsafio_3:flashbang_spawn_egg":7,"minecraft:rooted_dirt":3},"minecraft:killed":{"dedsafio_3:flashbang":1,"minecraft:skeleton_horse":1,"dedsafio_3:creeper_cake":1},"minecraft:custom":{"minecraft:jump":47,"minecraft:time_since_rest":50995,"minecraft:damage_dealt":1279,"minecraft:damage_taken":150,"minecraft:crouch_one_cm":1353,"minecraft:leave_game":13,"minecraft:play_time":50995,"minecraft:sprint_one_cm":10674,"minecraft:time_since_death":50995,"minecraft:walk_one_cm":13059,"minecraft:sneak_time":736,"minecraft:total_world_time":50995,"minecraft:mob_kills":4,"minecraft:fly_one_cm":105515,"minecraft:player_kills":2},"minecraft:picked_up":{"minecraft:bone":2}},"DataVersion":3465}