{"stats":{"minecraft:used":{"minecraft:oak_log":8,"minecraft:oak_button":7},"minecraft:mined":{"minecraft:oak_button":1},"minecraft:custom":{"minecraft:jump":66,"minecraft:time_since_rest":14807,"minecraft:damage_dealt":10,"minecraft:damage_taken":320,"minecraft:crouch_one_cm":211,"minecraft:leave_game":2,"minecraft:play_time":31348,"minecraft:sprint_one_cm":9267,"minecraft:time_since_death":14801,"minecraft:walk_one_cm":14416,"minecraft:deaths":1,"minecraft:sneak_time":350,"minecraft:total_world_time":31348,"minecraft:fall_one_cm":5236,"minecraft:fly_one_cm":122474},"minecraft:picked_up":{"minecraft:oak_button":2}},"DataVersion":3465}