{"stats":{"minecraft:mined":{"minecraft:tall_grass":1,"minecraft:grass":2},"minecraft:custom":{"minecraft:jump":30,"minecraft:time_since_rest":17587,"minecraft:damage_dealt":68,"minecraft:crouch_one_cm":555,"minecraft:sprint_one_cm":11357,"minecraft:play_time":17587,"minecraft:damage_taken":130,"minecraft:time_since_death":17587,"minecraft:walk_one_cm":9325,"minecraft:sneak_time":598,"minecraft:total_world_time":17587,"minecraft:mob_kills":1,"minecraft:fly_one_cm":49621},"minecraft:used":{"minecraft:grass_block":39},"minecraft:picked_up":{"minecraft:rooted_dirt":2}},"DataVersion":3465}