{"stats":{"minecraft:picked_up":{"minecraft:oak_button":2},"minecraft:custom":{"minecraft:time_since_rest":44477,"minecraft:crouch_one_cm":625,"minecraft:sprint_one_cm":9498,"minecraft:play_time":61018,"minecraft:deaths":1,"minecraft:damage_taken":320,"minecraft:walk_one_cm":24023,"minecraft:sneak_time":1076,"minecraft:mob_kills":2,"minecraft:jump":91,"minecraft:damage_dealt":1380,"minecraft:leave_game":2,"minecraft:walk_on_water_one_cm":320,"minecraft:time_since_death":44471,"minecraft:total_world_time":61018,"minecraft:fly_one_cm":163655,"minecraft:fall_one_cm":5236,"minecraft:player_kills":1},"minecraft:killed":{"minecraft:giant":2},"minecraft:used":{"minecraft:oak_log":9,"minecraft:netherite_sword":1,"minecraft:rooted_dirt":1,"minecraft:oak_button":7,"minecraft:stone":1,"minecraft:redstone_block":5,"minecraft:milk_bucket":2},"minecraft:mined":{"minecraft:oak_button":1}},"DataVersion":3465}