{"stats":{"minecraft:picked_up":{"minecraft:oak_button":2},"minecraft:custom":{"minecraft:time_since_rest":32477,"minecraft:crouch_one_cm":475,"minecraft:sprint_one_cm":9267,"minecraft:play_time":49018,"minecraft:deaths":1,"minecraft:damage_taken":320,"minecraft:walk_one_cm":17446,"minecraft:sneak_time":886,"minecraft:mob_kills":1,"minecraft:jump":73,"minecraft:damage_dealt":400,"minecraft:leave_game":2,"minecraft:walk_on_water_one_cm":247,"minecraft:time_since_death":32471,"minecraft:total_world_time":49018,"minecraft:fly_one_cm":136552,"minecraft:fall_one_cm":5236,"minecraft:player_kills":1},"minecraft:killed":{"minecraft:giant":1},"minecraft:used":{"minecraft:oak_log":8,"minecraft:oak_button":7,"minecraft:stone":1,"minecraft:redstone_block":4,"minecraft:milk_bucket":1},"minecraft:mined":{"minecraft:oak_button":1}},"DataVersion":3465}