{"stats":{"minecraft:crafted":{"minecraft:iron_boots":2,"minecraft:bundle":1,"minecraft:iron_helmet":2,"minecraft:iron_chestplate":2,"minecraft:iron_leggings":2},"minecraft:mined":{"minecraft:dark_oak_planks":1,"minecraft:grass_block":3,"minecraft:spawner":1,"minecraft:coarse_dirt":1,"minecraft:grass":13,"minecraft:dirt":2,"minecraft:oak_button":3},"minecraft:killed":{"dedsafio_3:tiki_guardian":1,"dedsafio_3:tiki":3,"minecraft:cave_spider":4,"minecraft:giant":2,"minecraft:spider":6,"dedsafio_3:medusa":2,"dedsafio_3:esquelo_dog":3,"minecraft:phantom":2,"dedsafio_3:rana_gigante":9,"minecraft:skeleton":11,"dedsafio_3:fogata":1,"dedsafio_3:wild_fire":1,"minecraft:chicken":1,"dedsafio_3:fantasma_rojo":1,"minecraft:llama":1,"dedsafio_3:infernal_bull":4,"dedsafio_3:blaze_storm":3,"dedsafio_3:r_evill_boss":1,"dedsafio_3:bone_spider":6,"minecraft:husk":9,"dedsafio_3:sapo":3,"minecraft:pig":1,"minecraft:hoglin":6,"minecraft:creeper":2,"pacomodsforge:fantasmarojo":2,"minecraft:zombie":7,"dedsafio_3:revil":1,"minecraft:wither_skeleton":9,"dedsafio_3:creeper_cake":8,"minecraft:cow":5},"minecraft:dropped":{"dedsafio_3:fogata_spawn_egg":1,"minecraft:iron_ingot":64,"dedsafio_3:armadura_infernal_chestplate":2,"pacomodsforge:espada":2,"modminds:nutritotem":9,"minecraft:oak_log":64,"pacomodsforge:ender_bag":1,"minecraft:cobblestone":64,"modminds:espada_infernal_curativa":1,"minecraft:diamond_leggings":2,"immersive_paintings:glow_graffiti":1,"minecraft:barrier":1,"minecraft:iron_helmet":1,"minecraft:book":1,"dedsafio_3:infernal_sword":1,"dedsafio_3:bone_spider_spawn_egg":1,"dedsafio_3:dedita_gold":1,"minecraft:golden_apple":68,"dedsafio_3:tiki_guardian_spawn_egg":1,"dedsafio_3:armadura_infernal_helmet":2,"dedsafio_3:wild_fire_spawn_egg":1,"dedsafio_3:rana_gigante_spawn_egg":1,"dedsafio_3:creeper_cake_spawn_egg":1,"dedsafio_3:blaze_storm_spawn_egg":1,"dedsafio_3:sapo_spawn_egg":1,"modminds:buho_totem":2,"minecraft:diamond_helmet":1,"dedsafio_3:revil_spawn_egg":1,"minecraft:iron_leggings":1,"minecraft:sand":31,"dedsafio_3:creeper_warden_spawn_egg":1,"minecraft:paper":2,"dedsafio_3:armadura_infernal_leggings":2,"minecraft:iron_boots":1,"dedsafio_3:armadura_infernal_boots":2,"dedsafio_3:deditas":1,"dedsafio_3:fantasma_rojo_spawn_egg":1,"minecraft:totem_of_undying":56,"minecraft:diamond_sword":1,"minecraft:shield":2,"dedsafio_3:flashbang_spawn_egg":1,"minecraft:diamond_chestplate":2,"minecraft:diamond_pickaxe":1,"minecraft:iron_chestplate":1,"dedsafio_3:r_evill_boss_spawn_egg":1,"dedsafio_3:esquelo_dog_spawn_egg":1,"dedsafio_3:tiki_spawn_egg":1,"minecraft:diamond_boots":2,"dedsafio_3:infernal_bull_spawn_egg":1,"dedsafio_3:dedita_celeste":1,"dedsafio_3:medusa_spawn_egg":1},"minecraft:custom":{"minecraft:interact_with_anvil":5,"minecraft:mob_kills":121,"minecraft:interact_with_crafting_table":7,"minecraft:open_barrel":8,"minecraft:leave_game":32,"minecraft:time_since_death":30836,"minecraft:climb_one_cm":143,"minecraft:damage_resisted":140,"minecraft:sprint_one_cm":244719,"minecraft:walk_one_cm":525648,"minecraft:damage_blocked_by_shield":6540,"minecraft:drop":135,"minecraft:talked_to_villager":4,"minecraft:play_time":675495,"minecraft:sneak_time":12409,"minecraft:deaths":69,"minecraft:walk_under_water_one_cm":11206,"minecraft:jump":2666,"minecraft:walk_on_water_one_cm":17470,"minecraft:enchant_item":5,"minecraft:total_world_time":675495,"minecraft:time_since_rest":30840,"minecraft:damage_absorbed":3056,"minecraft:open_enderchest":3,"minecraft:damage_taken":2147483647,"minecraft:damage_dealt":44291,"minecraft:swim_one_cm":8418,"minecraft:fly_one_cm":1896822,"minecraft:player_kills":2,"minecraft:open_chest":8,"minecraft:crouch_one_cm":17162,"minecraft:interact_with_smoker":1,"minecraft:fall_one_cm":95204},"minecraft:used":{"minecraft:netherite_sword":267,"minecraft:stripped_acacia_wood":6,"minecraft:jungle_leaves":7,"minecraft:enchanting_table":1,"dedsafio_3:rana_gigante_spawn_egg":1,"minecraft:red_concrete":6,"minecraft:redstone":11,"minecraft:chest":2,"minecraft:spruce_planks":82,"minecraft:ender_chest":2,"minecraft:shield":35,"minecraft:stone":6,"minecraft:zombie_spawn_egg":1,"modminds:escaleras_de_tablones_amarillos_antiguos":4,"dedsafio_3:medusa_spawn_egg":6,"dedsafio_3:fantasma_rojo_spawn_egg":2,"dedsafio_3:revil_spawn_egg":1,"modminds:espada_infernal_curativa":50,"minecraft:dirt":56,"minecraft:anvil":4,"minecraft:target":3,"dedsafio_3:sapo_spawn_egg":1,"dedsafio_3:esquelo_dog_spawn_egg":1,"dedsafio_3:creeper_cake_spawn_egg":2,"modminds:casino_spawn_egg":5,"minecraft:milk_bucket":5,"minecraft:dark_oak_planks":12,"dedsafio_3:espada_fantasmal":4,"pacomodsforge:fantasmarojo_spawn_egg":3,"minecraft:bookshelf":19,"dedsafio_3:flashbang_spawn_egg":11,"minecraft:quartz_slab":4,"minecraft:oak_stairs":4,"minecraft:grass_block":22,"minecraft:rooted_dirt":2,"dedsafio_3:tiki_guardian_spawn_egg":1,"minecraft:green_wool":1,"minecraft:polished_andesite_stairs":6,"minecraft:quartz_block":5,"immersive_paintings:glow_graffiti":5,"minecraft:totem_of_undying":65,"minecraft:item_frame":1,"minecraft:repeater":7,"minecraft:lime_concrete":7,"modminds:losa_de_tablones_amarillos_antiguos":9,"pacomodsforge:espada":39,"minecraft:spider_spawn_egg":7,"dedsafio_3:bone_spider_spawn_egg":1,"pacomodsforge:bomba_r_voladora_spawn_egg":6,"dedsafio_3:armadura_espacial_boots":1,"minecraft:bundle":2,"minecraft:polished_andesite":26,"minecraft:oak_planks":42,"minecraft:ender_pearl":18,"minecraft:redstone_block":52,"minecraft:fletching_table":1,"minecraft:golden_apple":22,"minecraft:glow_item_frame":1,"minecraft:sand":4,"minecraft:crafting_table":3,"dedsafio_3:manzana":6,"minecraft:chiseled_quartz_block":2,"dedsafio_3:infernal_sword":20,"dedsafio_3:fogata_spawn_egg":1,"minecraft:creeper_spawn_egg":7,"minecraft:oak_log":9,"minecraft:diamond_pickaxe":1,"minecraft:lever":3,"minecraft:command_block":8,"minecraft:light_gray_concrete":2,"minecraft:barrier":19,"minecraft:oak_button":13,"dedsafio_3:tiki_spawn_egg":3,"minecraft:polished_andesite_slab":7,"dedsafio_3:creeper_warden_spawn_egg":1,"minecraft:diamond_sword":110,"minecraft:cooked_porkchop":2,"dedsafio_3:infernal_bull_spawn_egg":5,"pacomodsforge:healingsword":3,"minecraft:andesite":9,"dedsafio_3:wild_fire_spawn_egg":1,"dedsafio_3:blaze_storm_spawn_egg":1,"minecraft:repeating_command_block":1,"dedsafio_3:r_evill_boss_spawn_egg":1,"minecraft:splash_potion":3},"minecraft:broken":{"minecraft:shield":2},"minecraft:picked_up":{"minecraft:iron_chestplate":2,"dedsafio_3:armadura_infernal_boots":1,"minecraft:coarse_dirt":1,"minecraft:creeper_head":1,"minecraft:chicken":1,"dedsafio_3:flashbang_spawn_egg":1,"minecraft:diamond_sword":1,"modminds:casino_spawn_egg":1,"dedsafio_3:armadura_infernal_chestplate":1,"minecraft:spider_spawn_egg":64,"minecraft:shield":2,"pacomodsforge:fantasmarojo_spawn_egg":63,"minecraft:string":9,"minecraft:quartz_slab":1,"minecraft:iron_leggings":2,"minecraft:item_frame":1,"minecraft:diamond_leggings":2,"minecraft:netherite_sword":1,"minecraft:spruce_planks":13,"minecraft:beef":6,"dedsafio_3:fantasma_rojo_spawn_egg":1,"minecraft:poppy":3,"minecraft:phantom_membrane":2,"minecraft:iron_boots":2,"pacomodsforge:bomba_r_voladora_spawn_egg":63,"minecraft:spruce_stairs":1,"pacomodsforge:ender_bag":1,"minecraft:porkchop":3,"minecraft:redstone":1,"dedsafio_3:fogata_spawn_egg":1,"minecraft:dark_oak_planks":3,"minecraft:quartz_block":1,"minecraft:arrow":10,"dedsafio_3:armadura_infernal_helmet":1,"dedsafio_3:r_evill_boss_spawn_egg":1,"minecraft:rotten_flesh":23,"minecraft:diamond_chestplate":2,"modminds:totemeon":1,"minecraft:diamond_boots":2,"dedsafio_3:sapo_spawn_egg":1,"dedsafio_3:armadura_infernal_leggings":1,"minecraft:totem_of_undying":55,"minecraft:bone_block":7,"minecraft:cobblestone":1,"minecraft:barrier":2,"dedsafio_3:medusa_spawn_egg":1,"dedsafio_3:revil_spawn_egg":1,"modminds:buho_totem":1,"minecraft:leather":17,"minecraft:oak_log":64,"dedsafio_3:cetro_ancestral":1,"dedsafio_3:deditas":1,"dedsafio_3:infernal_bull_spawn_egg":1,"minecraft:gunpowder":3,"dedsafio_3:wild_fire_spawn_egg":1,"minecraft:dirt":98,"minecraft:paper":5,"dedsafio_3:infernal_sword":1,"minecraft:bone":25,"pacomodsforge:blue_capsule":1,"dedsafio_3:bone_spider_spawn_egg":1,"minecraft:bow":1,"minecraft:wheat_seeds":13,"pacomodsforge:espada":3,"modminds:totem_espacial":1,"modminds:nutritotem":4,"minecraft:diamond_helmet":1,"dedsafio_3:creeper_cake_spawn_egg":1,"dedsafio_3:blaze_storm_spawn_egg":1,"minecraft:oak_planks":4,"modminds:totem_revil":1,"minecraft:cooked_porkchop":21,"minecraft:stripped_acacia_wood":4,"minecraft:sand":31,"dedsafio_3:creeper_warden_spawn_egg":1,"dedsafio_3:dedita_celeste":1,"minecraft:barrel":1,"minecraft:spider_eye":7,"minecraft:polished_andesite":1,"dedsafio_3:tiki_guardian_spawn_egg":1,"minecraft:slime_ball":3,"dedsafio_3:esquelo_dog_spawn_egg":1,"minecraft:lever":1,"dedsafio_3:dedita_gold":1,"minecraft:iron_helmet":2,"minecraft:emerald":32,"minecraft:golden_apple":4,"dedsafio_3:manzana":3,"dedsafio_3:tiki_spawn_egg":1,"minecraft:oak_button":6,"dedsafio_3:rana_gigante_spawn_egg":1,"minecraft:coal":4,"minecraft:oak_leaves":1,"minecraft:wooden_axe":2},"minecraft:killed_by":{"minecraft:husk":1,"pacomodsforge:fantasmarojo":1,"minecraft:zombie":2,"dedsafio_3:medusa":1}},"DataVersion":3465}