{"stats":{"minecraft:custom":{"minecraft:jump":7,"minecraft:time_since_rest":12318,"minecraft:damage_dealt":65,"minecraft:leave_game":1,"minecraft:play_time":12318,"minecraft:time_since_death":12318,"minecraft:walk_one_cm":14301,"minecraft:sneak_time":21,"minecraft:total_world_time":12318,"minecraft:drop":6,"minecraft:fly_one_cm":1391},"minecraft:dropped":{"dedsafio_3:armadura_infernal_helmet":1,"dedsafio_3:armadura_infernal_chestplate":1,"dedsafio_3:infernal_sword":1,"dedsafio_3:armadura_infernal_leggings":1,"dedsafio_3:dedita_gold":1,"dedsafio_3:armadura_infernal_boots":1},"minecraft:used":{"dedsafio_3:casino_d_3":2}},"DataVersion":3465}