{"stats":{"minecraft:broken":{"minecraft:shield":1},"minecraft:used":{"minecraft:spider_spawn_egg":2,"minecraft:netherite_sword":3,"minecraft:red_concrete":6,"minecraft:redstone":6,"minecraft:polished_andesite":24,"minecraft:shield":22,"minecraft:ender_chest":1,"minecraft:stone":6,"minecraft:redstone_block":49,"minecraft:golden_apple":10,"minecraft:dirt":8,"minecraft:target":3,"minecraft:anvil":3,"minecraft:crafting_table":1,"dedsafio_3:creeper_cake_spawn_egg":1,"dedsafio_3:infernal_sword":20,"minecraft:milk_bucket":2,"minecraft:oak_log":9,"minecraft:dark_oak_planks":4,"minecraft:diamond_pickaxe":1,"modminds:corazon":3,"minecraft:command_block":1,"minecraft:light_gray_concrete":2,"dedsafio_3:flashbang_spawn_egg":8,"minecraft:grass_block":18,"minecraft:rooted_dirt":2,"minecraft:oak_button":11,"minecraft:barrier":5,"minecraft:polished_andesite_stairs":6,"minecraft:totem_of_undying":15,"immersive_paintings:glow_graffiti":5,"minecraft:polished_andesite_slab":7,"minecraft:diamond_sword":93,"minecraft:repeater":1,"minecraft:lime_concrete":7,"minecraft:andesite":9,"minecraft:repeating_command_block":1,"dedsafio_3:infernal_bull_spawn_egg":2,"minecraft:splash_potion":2},"minecraft:crafted":{"minecraft:iron_helmet":2,"minecraft:iron_chestplate":2,"minecraft:iron_boots":2,"minecraft:iron_leggings":2},"minecraft:custom":{"minecraft:interact_with_anvil":4,"minecraft:mob_kills":24,"minecraft:interact_with_crafting_table":5,"minecraft:open_barrel":5,"minecraft:leave_game":12,"minecraft:time_since_death":6416,"minecraft:time_since_rest":6420,"minecraft:open_enderchest":1,"minecraft:sprint_one_cm":47002,"minecraft:damage_absorbed":520,"minecraft:damage_taken":2147483647,"minecraft:walk_one_cm":193707,"minecraft:damage_blocked_by_shield":3180,"minecraft:drop":41,"minecraft:damage_dealt":8906,"minecraft:fly_one_cm":650511,"minecraft:player_kills":2,"minecraft:crouch_one_cm":6334,"minecraft:play_time":329404,"minecraft:deaths":20,"minecraft:sneak_time":4880,"minecraft:jump":577,"minecraft:walk_on_water_one_cm":420,"minecraft:total_world_time":329404,"minecraft:fall_one_cm":27333},"minecraft:mined":{"minecraft:spawner":1,"minecraft:oak_button":1},"minecraft:picked_up":{"minecraft:iron_chestplate":1,"minecraft:barrier":1,"minecraft:diamond_sword":1,"dedsafio_3:deditas":1,"minecraft:shield":1,"minecraft:string":2,"minecraft:dirt":60,"dedsafio_3:infernal_sword":1,"minecraft:iron_leggings":1,"minecraft:bone":5,"minecraft:diamond_leggings":1,"minecraft:poppy":3,"minecraft:iron_boots":1,"dedsafio_3:dedita_celeste":1,"minecraft:redstone":1,"travelersbackpack:standard":5,"minecraft:arrow":4,"minecraft:rotten_flesh":12,"minecraft:diamond_chestplate":1,"dedsafio_3:dedita_gold":1,"minecraft:diamond_boots":1,"minecraft:iron_helmet":1,"minecraft:totem_of_undying":22,"minecraft:oak_button":4,"minecraft:oak_leaves":1,"minecraft:wooden_axe":2},"minecraft:killed":{"minecraft:husk":9,"minecraft:giant":2,"minecraft:spider":1,"dedsafio_3:rana_gigante":2,"minecraft:skeleton":8,"dedsafio_3:infernal_bull":2},"minecraft:dropped":{"minecraft:iron_ingot":64,"minecraft:diamond_leggings":1,"immersive_paintings:glow_graffiti":1,"minecraft:barrier":1,"minecraft:iron_helmet":1,"dedsafio_3:infernal_sword":1,"minecraft:iron_boots":1,"dedsafio_3:deditas":1,"travelersbackpack:standard":5,"minecraft:totem_of_undying":20,"dedsafio_3:dedita_gold":1,"minecraft:diamond_sword":1,"minecraft:shield":1,"minecraft:diamond_chestplate":1,"minecraft:iron_chestplate":1,"minecraft:iron_leggings":1,"minecraft:diamond_boots":1,"dedsafio_3:dedita_celeste":1}},"DataVersion":3465}