{"stats":{"minecraft:killed":{"minecraft:cave_spider":4,"minecraft:husk":9,"minecraft:giant":2,"minecraft:spider":1,"minecraft:hoglin":6,"minecraft:creeper":1,"minecraft:phantom":2,"dedsafio_3:rana_gigante":4,"minecraft:skeleton":11,"minecraft:zombie":4,"minecraft:llama":1,"dedsafio_3:infernal_bull":3,"minecraft:wither_skeleton":9,"dedsafio_3:creeper_cake":1,"minecraft:cow":2},"minecraft:broken":{"minecraft:shield":1},"minecraft:dropped":{"minecraft:iron_ingot":64,"dedsafio_3:armadura_infernal_chestplate":1,"minecraft:diamond_leggings":1,"immersive_paintings:glow_graffiti":1,"minecraft:iron_helmet":1,"minecraft:barrier":1,"dedsafio_3:infernal_sword":1,"minecraft:iron_boots":1,"dedsafio_3:armadura_infernal_boots":1,"dedsafio_3:deditas":1,"travelersbackpack:standard":5,"minecraft:totem_of_undying":44,"dedsafio_3:dedita_gold":1,"minecraft:golden_apple":4,"minecraft:diamond_sword":1,"dedsafio_3:armadura_infernal_helmet":1,"minecraft:shield":1,"minecraft:diamond_chestplate":1,"minecraft:iron_chestplate":1,"minecraft:iron_leggings":1,"minecraft:diamond_boots":1,"minecraft:paper":2,"dedsafio_3:armadura_infernal_leggings":1,"dedsafio_3:dedita_celeste":1},"minecraft:used":{"minecraft:stripped_acacia_wood":6,"minecraft:netherite_sword":133,"minecraft:enchanting_table":1,"minecraft:red_concrete":6,"minecraft:polished_andesite":24,"minecraft:redstone":6,"minecraft:oak_planks":42,"minecraft:spruce_planks":82,"minecraft:shield":22,"minecraft:ender_chest":1,"minecraft:stone":6,"minecraft:redstone_block":49,"dedsafio_3:fantasma_rojo_spawn_egg":1,"minecraft:golden_apple":16,"minecraft:dirt":8,"minecraft:anvil":3,"minecraft:target":3,"minecraft:crafting_table":1,"dedsafio_3:creeper_cake_spawn_egg":1,"dedsafio_3:infernal_sword":20,"minecraft:milk_bucket":2,"minecraft:oak_log":9,"minecraft:dark_oak_planks":4,"minecraft:diamond_pickaxe":1,"minecraft:command_block":1,"minecraft:rooted_dirt":2,"minecraft:bookshelf":19,"minecraft:barrier":5,"minecraft:oak_stairs":4,"dedsafio_3:flashbang_spawn_egg":10,"minecraft:grass_block":18,"minecraft:light_gray_concrete":2,"modminds:corazon":3,"minecraft:oak_button":13,"minecraft:polished_andesite_stairs":6,"immersive_paintings:glow_graffiti":5,"minecraft:totem_of_undying":41,"minecraft:polished_andesite_slab":7,"minecraft:repeater":1,"minecraft:diamond_sword":93,"minecraft:lime_concrete":7,"minecraft:cooked_porkchop":2,"minecraft:andesite":9,"minecraft:repeating_command_block":1,"dedsafio_3:infernal_bull_spawn_egg":3,"minecraft:splash_potion":2,"minecraft:spider_spawn_egg":2},"minecraft:picked_up":{"minecraft:wooden_axe":2,"dedsafio_3:armadura_infernal_boots":1,"minecraft:iron_chestplate":1,"minecraft:barrier":1,"minecraft:creeper_head":1,"minecraft:leather":13,"minecraft:diamond_sword":1,"dedsafio_3:deditas":1,"dedsafio_3:armadura_infernal_chestplate":1,"minecraft:shield":1,"minecraft:gunpowder":2,"minecraft:dirt":61,"minecraft:string":6,"minecraft:paper":2,"dedsafio_3:infernal_sword":1,"minecraft:iron_leggings":1,"minecraft:bone":25,"minecraft:bow":1,"minecraft:diamond_leggings":1,"minecraft:spruce_planks":13,"minecraft:poppy":3,"minecraft:oak_planks":4,"minecraft:phantom_membrane":2,"minecraft:iron_boots":1,"minecraft:cooked_porkchop":21,"minecraft:stripped_acacia_wood":4,"minecraft:spruce_stairs":1,"minecraft:porkchop":3,"dedsafio_3:dedita_celeste":1,"minecraft:redstone":1,"minecraft:spider_eye":6,"travelersbackpack:standard":5,"minecraft:arrow":10,"dedsafio_3:armadura_infernal_helmet":1,"minecraft:rotten_flesh":21,"minecraft:diamond_chestplate":1,"dedsafio_3:dedita_gold":1,"minecraft:diamond_boots":1,"minecraft:iron_helmet":1,"minecraft:golden_apple":4,"dedsafio_3:armadura_infernal_leggings":1,"minecraft:totem_of_undying":45,"minecraft:oak_button":6,"minecraft:coal":4,"minecraft:oak_leaves":1,"minecraft:bone_block":7},"minecraft:crafted":{"minecraft:iron_helmet":2,"minecraft:iron_boots":2,"minecraft:iron_chestplate":2,"minecraft:iron_leggings":2},"minecraft:custom":{"minecraft:interact_with_anvil":4,"minecraft:mob_kills":66,"minecraft:interact_with_crafting_table":5,"minecraft:open_barrel":8,"minecraft:leave_game":14,"minecraft:time_since_death":52418,"minecraft:climb_one_cm":143,"minecraft:time_since_rest":52422,"minecraft:damage_absorbed":1846,"minecraft:sprint_one_cm":98635,"minecraft:open_enderchest":1,"minecraft:damage_taken":2147483647,"minecraft:walk_one_cm":248247,"minecraft:damage_blocked_by_shield":3180,"minecraft:drop":75,"minecraft:damage_dealt":19087,"minecraft:swim_one_cm":1790,"minecraft:talked_to_villager":1,"minecraft:fly_one_cm":810104,"minecraft:player_kills":2,"minecraft:open_chest":4,"minecraft:crouch_one_cm":9812,"minecraft:play_time":375406,"minecraft:sneak_time":6311,"minecraft:deaths":31,"minecraft:walk_under_water_one_cm":2686,"minecraft:jump":896,"minecraft:enchant_item":5,"minecraft:walk_on_water_one_cm":3158,"minecraft:total_world_time":375406,"minecraft:fall_one_cm":42350},"minecraft:mined":{"minecraft:grass_block":1,"minecraft:spawner":1,"minecraft:grass":2,"minecraft:oak_button":3}},"DataVersion":3465}