{"stats":{"minecraft:killed":{"minecraft:cave_spider":4,"minecraft:giant":2,"dedsafio_3:medusa":2,"dedsafio_3:esquelo_dog":1,"minecraft:spider":1,"minecraft:phantom":2,"dedsafio_3:rana_gigante":4,"minecraft:skeleton":11,"dedsafio_3:fogata":1,"minecraft:llama":1,"dedsafio_3:infernal_bull":3,"dedsafio_3:blaze_storm":3,"dedsafio_3:r_evill_boss":1,"dedsafio_3:bone_spider":3,"minecraft:husk":9,"minecraft:hoglin":6,"minecraft:creeper":1,"minecraft:zombie":5,"minecraft:wither_skeleton":9,"dedsafio_3:creeper_cake":1,"minecraft:cow":2},"minecraft:broken":{"minecraft:shield":1},"minecraft:used":{"minecraft:stripped_acacia_wood":6,"minecraft:netherite_sword":195,"minecraft:enchanting_table":1,"minecraft:red_concrete":6,"minecraft:redstone":6,"minecraft:spruce_planks":82,"minecraft:shield":26,"minecraft:ender_chest":1,"minecraft:stone":6,"minecraft:zombie_spawn_egg":1,"dedsafio_3:medusa_spawn_egg":2,"dedsafio_3:fantasma_rojo_spawn_egg":1,"minecraft:dirt":8,"minecraft:target":3,"minecraft:anvil":3,"dedsafio_3:esquelo_dog_spawn_egg":1,"dedsafio_3:creeper_cake_spawn_egg":1,"minecraft:milk_bucket":5,"minecraft:dark_oak_planks":4,"dedsafio_3:espada_fantasmal":4,"minecraft:bookshelf":19,"dedsafio_3:flashbang_spawn_egg":10,"minecraft:grass_block":18,"minecraft:oak_stairs":4,"minecraft:rooted_dirt":2,"dedsafio_3:tiki_guardian_spawn_egg":1,"minecraft:polished_andesite_stairs":6,"minecraft:totem_of_undying":49,"immersive_paintings:glow_graffiti":5,"minecraft:repeater":1,"minecraft:lime_concrete":7,"minecraft:spider_spawn_egg":2,"minecraft:polished_andesite":24,"minecraft:oak_planks":42,"minecraft:redstone_block":49,"minecraft:golden_apple":18,"minecraft:crafting_table":1,"dedsafio_3:manzana":6,"dedsafio_3:infernal_sword":20,"dedsafio_3:fogata_spawn_egg":1,"minecraft:oak_log":9,"minecraft:diamond_pickaxe":1,"minecraft:command_block":1,"minecraft:light_gray_concrete":2,"minecraft:oak_button":13,"modminds:corazon":3,"minecraft:barrier":5,"minecraft:polished_andesite_slab":7,"minecraft:diamond_sword":93,"minecraft:cooked_porkchop":2,"minecraft:andesite":9,"dedsafio_3:r_evill_boss_spawn_egg":1,"minecraft:repeating_command_block":1,"dedsafio_3:blaze_storm_spawn_egg":1,"dedsafio_3:infernal_bull_spawn_egg":3,"minecraft:splash_potion":3},"minecraft:dropped":{"minecraft:iron_ingot":64,"dedsafio_3:fogata_spawn_egg":1,"dedsafio_3:armadura_infernal_chestplate":1,"minecraft:diamond_leggings":2,"immersive_paintings:glow_graffiti":1,"minecraft:barrier":1,"minecraft:iron_helmet":1,"dedsafio_3:infernal_sword":1,"dedsafio_3:bone_spider_spawn_egg":1,"travelersbackpack:standard":5,"dedsafio_3:dedita_gold":1,"minecraft:golden_apple":4,"dedsafio_3:tiki_guardian_spawn_egg":1,"dedsafio_3:armadura_infernal_helmet":1,"dedsafio_3:wild_fire_spawn_egg":1,"dedsafio_3:rana_gigante_spawn_egg":1,"dedsafio_3:creeper_cake_spawn_egg":1,"dedsafio_3:blaze_storm_spawn_egg":1,"dedsafio_3:sapo_spawn_egg":1,"minecraft:diamond_helmet":1,"dedsafio_3:revil_spawn_egg":1,"minecraft:iron_leggings":1,"dedsafio_3:creeper_warden_spawn_egg":1,"minecraft:paper":2,"dedsafio_3:armadura_infernal_leggings":1,"minecraft:iron_boots":1,"dedsafio_3:armadura_infernal_boots":1,"dedsafio_3:deditas":1,"dedsafio_3:fantasma_rojo_spawn_egg":1,"minecraft:totem_of_undying":50,"minecraft:diamond_sword":1,"minecraft:shield":2,"dedsafio_3:flashbang_spawn_egg":1,"minecraft:diamond_chestplate":2,"minecraft:iron_chestplate":1,"dedsafio_3:r_evill_boss_spawn_egg":1,"dedsafio_3:esquelo_dog_spawn_egg":1,"dedsafio_3:tiki_spawn_egg":1,"minecraft:diamond_boots":2,"dedsafio_3:infernal_bull_spawn_egg":1,"dedsafio_3:dedita_celeste":1,"dedsafio_3:medusa_spawn_egg":1},"minecraft:picked_up":{"minecraft:wooden_axe":2,"dedsafio_3:armadura_infernal_boots":1,"minecraft:iron_chestplate":1,"dedsafio_3:flashbang_spawn_egg":1,"minecraft:creeper_head":1,"minecraft:diamond_sword":1,"dedsafio_3:armadura_infernal_chestplate":1,"minecraft:shield":2,"minecraft:string":6,"minecraft:iron_leggings":1,"minecraft:diamond_leggings":2,"minecraft:spruce_planks":13,"dedsafio_3:fantasma_rojo_spawn_egg":1,"minecraft:poppy":3,"minecraft:phantom_membrane":2,"minecraft:iron_boots":1,"minecraft:spruce_stairs":1,"minecraft:porkchop":3,"minecraft:redstone":1,"dedsafio_3:fogata_spawn_egg":1,"dedsafio_3:r_evill_boss_spawn_egg":1,"minecraft:diamond_chestplate":2,"dedsafio_3:armadura_infernal_helmet":1,"minecraft:arrow":10,"minecraft:rotten_flesh":21,"dedsafio_3:sapo_spawn_egg":1,"minecraft:diamond_boots":2,"dedsafio_3:armadura_infernal_leggings":1,"minecraft:totem_of_undying":51,"minecraft:bone_block":7,"minecraft:barrier":1,"dedsafio_3:medusa_spawn_egg":1,"dedsafio_3:revil_spawn_egg":1,"minecraft:leather":13,"dedsafio_3:cetro_ancestral":1,"dedsafio_3:deditas":1,"dedsafio_3:infernal_bull_spawn_egg":1,"minecraft:gunpowder":2,"dedsafio_3:wild_fire_spawn_egg":1,"minecraft:dirt":61,"minecraft:paper":2,"dedsafio_3:infernal_sword":1,"minecraft:bone":25,"dedsafio_3:bone_spider_spawn_egg":1,"minecraft:bow":1,"minecraft:diamond_helmet":1,"dedsafio_3:creeper_cake_spawn_egg":1,"dedsafio_3:blaze_storm_spawn_egg":1,"minecraft:oak_planks":4,"minecraft:cooked_porkchop":21,"minecraft:stripped_acacia_wood":4,"dedsafio_3:creeper_warden_spawn_egg":1,"dedsafio_3:dedita_celeste":1,"minecraft:spider_eye":6,"travelersbackpack:standard":5,"dedsafio_3:tiki_guardian_spawn_egg":1,"dedsafio_3:esquelo_dog_spawn_egg":1,"dedsafio_3:dedita_gold":1,"minecraft:iron_helmet":1,"minecraft:golden_apple":4,"dedsafio_3:manzana":3,"dedsafio_3:tiki_spawn_egg":1,"minecraft:oak_button":6,"dedsafio_3:rana_gigante_spawn_egg":1,"minecraft:coal":4,"minecraft:oak_leaves":1},"minecraft:crafted":{"minecraft:iron_boots":2,"minecraft:iron_helmet":2,"minecraft:iron_chestplate":2,"minecraft:iron_leggings":2},"minecraft:custom":{"minecraft:mob_kills":78,"minecraft:interact_with_anvil":4,"minecraft:interact_with_crafting_table":5,"minecraft:open_barrel":8,"minecraft:leave_game":14,"minecraft:time_since_death":64418,"minecraft:climb_one_cm":143,"minecraft:sprint_one_cm":120054,"minecraft:walk_one_cm":279332,"minecraft:damage_blocked_by_shield":4380,"minecraft:drop":103,"minecraft:talked_to_villager":1,"minecraft:play_time":387406,"minecraft:deaths":43,"minecraft:sneak_time":6386,"minecraft:walk_under_water_one_cm":2686,"minecraft:jump":1066,"minecraft:walk_on_water_one_cm":3158,"minecraft:enchant_item":5,"minecraft:total_world_time":387406,"minecraft:time_since_rest":64422,"minecraft:open_enderchest":1,"minecraft:damage_taken":2147483647,"minecraft:damage_absorbed":2086,"minecraft:damage_dealt":32739,"minecraft:swim_one_cm":1790,"minecraft:fly_one_cm":856378,"minecraft:player_kills":2,"minecraft:open_chest":4,"minecraft:crouch_one_cm":9869,"minecraft:fall_one_cm":43616},"minecraft:mined":{"minecraft:grass_block":1,"minecraft:spawner":1,"minecraft:grass":2,"minecraft:oak_button":3}},"DataVersion":3465}