{"stats":{"minecraft:custom":{"minecraft:time_since_rest":125752,"minecraft:sprint_one_cm":21369,"minecraft:walk_one_cm":70709,"minecraft:damage_taken":2147483647,"minecraft:mob_kills":5,"minecraft:drop":13,"minecraft:damage_dealt":2265,"minecraft:interact_with_crafting_table":5,"minecraft:player_kills":2,"minecraft:fly_one_cm":253621,"minecraft:crouch_one_cm":1759,"minecraft:play_time":142293,"minecraft:deaths":1,"minecraft:sneak_time":1718,"minecraft:jump":168,"minecraft:walk_on_water_one_cm":320,"minecraft:leave_game":3,"minecraft:time_since_death":125746,"minecraft:total_world_time":142293,"minecraft:fall_one_cm":5459},"minecraft:crafted":{"minecraft:iron_boots":2,"minecraft:iron_chestplate":2,"minecraft:iron_helmet":2,"minecraft:iron_leggings":2},"minecraft:picked_up":{"minecraft:iron_chestplate":1,"minecraft:barrier":1,"dedsafio_3:deditas":1,"dedsafio_3:dedita_celeste":1,"minecraft:string":2,"minecraft:dirt":60,"dedsafio_3:infernal_sword":1,"minecraft:iron_leggings":1,"dedsafio_3:dedita_gold":1,"minecraft:iron_helmet":1,"minecraft:oak_button":2,"minecraft:totem_of_undying":2,"minecraft:poppy":3,"minecraft:iron_boots":1},"minecraft:used":{"minecraft:spider_spawn_egg":2,"minecraft:oak_log":9,"minecraft:dark_oak_planks":4,"minecraft:netherite_sword":3,"dedsafio_3:flashbang_spawn_egg":8,"minecraft:grass_block":17,"minecraft:rooted_dirt":1,"minecraft:oak_button":9,"minecraft:barrier":2,"minecraft:stone":1,"minecraft:redstone_block":5,"minecraft:totem_of_undying":1,"immersive_paintings:glow_graffiti":5,"minecraft:dirt":8,"minecraft:crafting_table":1,"dedsafio_3:infernal_sword":10,"dedsafio_3:infernal_bull_spawn_egg":2,"minecraft:splash_potion":2,"minecraft:milk_bucket":2},"minecraft:mined":{"minecraft:oak_button":1},"minecraft:dropped":{"minecraft:iron_ingot":64,"minecraft:iron_chestplate":1,"minecraft:barrier":1,"immersive_paintings:glow_graffiti":1,"minecraft:iron_helmet":1,"minecraft:iron_leggings":1,"dedsafio_3:infernal_sword":1,"minecraft:iron_boots":1,"dedsafio_3:deditas":1,"minecraft:totem_of_undying":2,"dedsafio_3:dedita_gold":1,"dedsafio_3:dedita_celeste":1},"minecraft:killed":{"minecraft:giant":2,"dedsafio_3:infernal_bull":2,"minecraft:spider":1}},"DataVersion":3465}