{"stats":{"minecraft:mined":{"minecraft:grass_block":1,"minecraft:spawner":1,"minecraft:grass":1,"minecraft:oak_button":3},"minecraft:killed":{"minecraft:husk":9,"minecraft:giant":2,"minecraft:spider":1,"dedsafio_3:rana_gigante":3,"minecraft:skeleton":8,"dedsafio_3:infernal_bull":3,"minecraft:wither_skeleton":1},"minecraft:dropped":{"minecraft:iron_ingot":64,"minecraft:diamond_leggings":1,"immersive_paintings:glow_graffiti":1,"minecraft:iron_helmet":1,"minecraft:barrier":1,"dedsafio_3:infernal_sword":1,"minecraft:iron_boots":1,"dedsafio_3:deditas":1,"travelersbackpack:standard":5,"minecraft:totem_of_undying":29,"dedsafio_3:dedita_gold":1,"minecraft:diamond_sword":1,"minecraft:shield":1,"minecraft:diamond_chestplate":1,"minecraft:iron_chestplate":1,"minecraft:iron_leggings":1,"minecraft:diamond_boots":1,"dedsafio_3:dedita_celeste":1},"minecraft:broken":{"minecraft:shield":1},"minecraft:used":{"minecraft:netherite_sword":16,"minecraft:red_concrete":6,"minecraft:polished_andesite":24,"minecraft:redstone":6,"minecraft:shield":22,"minecraft:ender_chest":1,"minecraft:stone":6,"minecraft:redstone_block":49,"dedsafio_3:fantasma_rojo_spawn_egg":1,"minecraft:golden_apple":10,"minecraft:dirt":8,"minecraft:anvil":3,"minecraft:target":3,"minecraft:crafting_table":1,"dedsafio_3:creeper_cake_spawn_egg":1,"dedsafio_3:infernal_sword":20,"minecraft:milk_bucket":2,"minecraft:oak_log":9,"minecraft:dark_oak_planks":4,"minecraft:diamond_pickaxe":1,"minecraft:command_block":1,"minecraft:rooted_dirt":2,"minecraft:barrier":5,"minecraft:light_gray_concrete":2,"dedsafio_3:flashbang_spawn_egg":8,"minecraft:grass_block":18,"modminds:corazon":3,"minecraft:oak_button":13,"minecraft:polished_andesite_stairs":6,"immersive_paintings:glow_graffiti":5,"minecraft:totem_of_undying":24,"minecraft:polished_andesite_slab":7,"minecraft:repeater":1,"minecraft:diamond_sword":93,"minecraft:lime_concrete":7,"minecraft:andesite":9,"minecraft:repeating_command_block":1,"dedsafio_3:infernal_bull_spawn_egg":3,"minecraft:splash_potion":2,"minecraft:spider_spawn_egg":2},"minecraft:crafted":{"minecraft:iron_helmet":2,"minecraft:iron_boots":2,"minecraft:iron_chestplate":2,"minecraft:iron_leggings":2},"minecraft:picked_up":{"minecraft:wooden_axe":2,"minecraft:iron_chestplate":1,"minecraft:barrier":1,"minecraft:diamond_sword":1,"dedsafio_3:deditas":1,"minecraft:shield":1,"minecraft:dirt":61,"minecraft:string":2,"dedsafio_3:infernal_sword":1,"minecraft:iron_leggings":1,"minecraft:bone":5,"minecraft:diamond_leggings":1,"minecraft:poppy":3,"minecraft:iron_boots":1,"dedsafio_3:dedita_celeste":1,"minecraft:redstone":1,"travelersbackpack:standard":5,"minecraft:rotten_flesh":12,"minecraft:arrow":4,"minecraft:diamond_chestplate":1,"dedsafio_3:dedita_gold":1,"minecraft:diamond_boots":1,"minecraft:iron_helmet":1,"minecraft:totem_of_undying":30,"minecraft:oak_button":6,"minecraft:oak_leaves":1},"minecraft:custom":{"minecraft:mob_kills":27,"minecraft:interact_with_anvil":4,"minecraft:interact_with_crafting_table":5,"minecraft:open_barrel":7,"minecraft:leave_game":13,"minecraft:time_since_death":14861,"minecraft:time_since_rest":14865,"minecraft:walk_one_cm":199863,"minecraft:sprint_one_cm":53106,"minecraft:open_enderchest":1,"minecraft:damage_taken":2147483647,"minecraft:damage_absorbed":780,"minecraft:damage_blocked_by_shield":3180,"minecraft:drop":50,"minecraft:damage_dealt":9659,"minecraft:swim_one_cm":1790,"minecraft:fly_one_cm":685426,"minecraft:player_kills":2,"minecraft:open_chest":1,"minecraft:crouch_one_cm":6341,"minecraft:play_time":337849,"minecraft:deaths":27,"minecraft:sneak_time":4920,"minecraft:walk_under_water_one_cm":427,"minecraft:jump":648,"minecraft:walk_on_water_one_cm":692,"minecraft:total_world_time":337849,"minecraft:fall_one_cm":31690}},"DataVersion":3465}