{"stats":{"minecraft:picked_up":{"minecraft:netherite_boots":1,"minecraft:coarse_dirt":1,"minecraft:barrier":1,"minecraft:redstone_block":1,"dedsafio_3:medusa_spawn_egg":1,"minecraft:splash_potion":1,"dedsafio_3:flashbang_spawn_egg":1,"dedsafio_3:taxi":2,"minecraft:leather":4,"minecraft:filled_map":1,"minecraft:netherite_leggings":1,"minecraft:cornflower":1,"minecraft:dirt":34,"dedsafio_3:infernal_sword":2,"minecraft:wheat_seeds":2,"minecraft:beef":6,"minecraft:fletching_table":3,"minecraft:enchanted_golden_apple":1,"minecraft:moss_block":1,"minecraft:oak_pressure_plate":1,"minecraft:white_bed":2,"minecraft:grass_block":2,"minecraft:rotten_flesh":1,"minecraft:netherite_helmet":1,"minecraft:grass":1,"minecraft:golden_apple":1,"dedsafio_3:manzana":1,"dedsafio_3:tiki_spawn_egg":1,"minecraft:totem_of_undying":6,"minecraft:netherite_chestplate":1,"minecraft:rooted_dirt":2},"minecraft:killed":{"dedsafio_3:tiki_guardian":1,"dedsafio_3:tiki":1,"dedsafio_3:esquelo_dog":1,"dedsafio_3:rana_gigante":1,"minecraft:trader_llama":1,"minecraft:zombie":1,"dedsafio_3:fogata":1,"dedsafio_3:fantasma_rojo":4,"dedsafio_3:infernal_bull":3,"minecraft:skeleton_horse":1,"dedsafio_3:creeper_cake":2,"dedsafio_3:taxi_23":2,"minecraft:cow":2},"minecraft:dropped":{"dedsafio_3:taxi":1,"dedsafio_3:infernal_sword":1,"minecraft:grass_block":1,"minecraft:redstone_block":1},"minecraft:used":{"minecraft:moss_block":1,"minecraft:netherite_sword":16,"minecraft:redstone":11,"minecraft:elytra":1,"minecraft:chest":1,"minecraft:stone":10,"minecraft:zombie_spawn_egg":2,"minecraft:redstone_block":10,"minecraft:fletching_table":1,"minecraft:grass":2,"dedsafio_3:maza":6,"minecraft:golden_apple":2,"dedsafio_3:taxi":2,"minecraft:dirt":2,"minecraft:comparator":2,"dedsafio_3:creeper_cake_spawn_egg":2,"minecraft:white_bed":2,"dedsafio_3:manzana":1,"minecraft:gray_concrete":1,"dedsafio_3:infernal_sword":61,"dedsafio_3:casino_d_3":20,"minecraft:obsidian":4,"minecraft:creeper_spawn_egg":3,"minecraft:dark_oak_planks":6,"minecraft:lava_bucket":2,"dedsafio_3:altar_a":1,"minecraft:firework_rocket":8,"minecraft:villager_spawn_egg":4,"immersive_paintings:painting":6,"minecraft:command_block":27,"minecraft:light_gray_concrete":2,"minecraft:rooted_dirt":2,"dedsafio_3:flashbang_spawn_egg":1,"minecraft:grass_block":140,"minecraft:barrier":6,"minecraft:oak_button":9,"minecraft:stone_button":1,"dedsafio_3:tiki_spawn_egg":2,"minecraft:oak_pressure_plate":3,"immersive_paintings:glow_graffiti":5,"minecraft:totem_of_undying":8,"minecraft:smooth_basalt":1,"minecraft:basalt":4,"minecraft:repeater":28,"minecraft:glowstone":13,"minecraft:end_crystal":3,"minecraft:coarse_dirt":3,"dedsafio_3:infernal_bull_spawn_egg":5,"minecraft:warped_button":2,"minecraft:cobbled_deepslate":1,"minecraft:splash_potion":3},"minecraft:mined":{"minecraft:grass_block":2,"minecraft:tall_grass":5,"minecraft:moss_block":1,"minecraft:tall_seagrass":1,"minecraft:fire":1,"minecraft:fletching_table":1,"minecraft:grass":10,"minecraft:dirt":1},"minecraft:killed_by":{"minecraft:player":1,"dedsafio_3:bone_spider":1,"dedsafio_3:creeper_cake":1,"dedsafio_3:infernal_bull":1,"dedsafio_3:rana_gigante":1},"minecraft:custom":{"minecraft:mob_kills":22,"minecraft:leave_game":29,"minecraft:time_since_death":154044,"minecraft:climb_one_cm":140,"minecraft:time_since_rest":154050,"minecraft:damage_absorbed":531,"minecraft:sprint_one_cm":102681,"minecraft:open_enderchest":5,"minecraft:damage_taken":6259,"minecraft:walk_one_cm":228349,"minecraft:drop":4,"minecraft:damage_dealt":5300,"minecraft:swim_one_cm":8851,"minecraft:talked_to_villager":3,"minecraft:fly_one_cm":1035417,"minecraft:player_kills":2,"minecraft:open_chest":3,"minecraft:crouch_one_cm":14617,"minecraft:play_time":318431,"minecraft:deaths":17,"minecraft:sneak_time":6287,"minecraft:walk_under_water_one_cm":13622,"minecraft:aviate_one_cm":159756,"minecraft:jump":620,"minecraft:walk_on_water_one_cm":5197,"minecraft:total_world_time":318431,"minecraft:fall_one_cm":40754}},"DataVersion":3465}