{"stats":{"minecraft:picked_up":{"minecraft:netherite_boots":1,"dedsafio_3:medusa_spawn_egg":1,"dedsafio_3:flashbang_spawn_egg":1,"minecraft:filled_map":1,"minecraft:white_bed":2,"minecraft:grass_block":2,"minecraft:netherite_leggings":1,"dedsafio_3:infernal_sword":1,"minecraft:rotten_flesh":1,"minecraft:netherite_helmet":1,"minecraft:wheat_seeds":1,"minecraft:grass":1,"minecraft:enchanted_golden_apple":1,"minecraft:golden_apple":1,"minecraft:netherite_chestplate":1,"dedsafio_3:manzana":1,"minecraft:rooted_dirt":2,"minecraft:totem_of_undying":6,"minecraft:moss_block":1},"minecraft:custom":{"minecraft:time_since_rest":125,"minecraft:damage_absorbed":531,"minecraft:damage_taken":5034,"minecraft:sprint_one_cm":61836,"minecraft:open_enderchest":5,"minecraft:walk_one_cm":110880,"minecraft:mob_kills":15,"minecraft:drop":2,"minecraft:damage_dealt":4620,"minecraft:swim_one_cm":8851,"minecraft:fly_one_cm":665557,"minecraft:player_kills":2,"minecraft:open_chest":3,"minecraft:crouch_one_cm":10819,"minecraft:play_time":140178,"minecraft:deaths":11,"minecraft:sneak_time":3732,"minecraft:walk_under_water_one_cm":12057,"minecraft:aviate_one_cm":159756,"minecraft:jump":382,"minecraft:leave_game":19,"minecraft:time_since_death":111,"minecraft:walk_on_water_one_cm":3864,"minecraft:climb_one_cm":140,"minecraft:total_world_time":140178,"minecraft:fall_one_cm":33727},"minecraft:killed":{"dedsafio_3:tiki_guardian":1,"dedsafio_3:rana_gigante":1,"minecraft:trader_llama":1,"minecraft:zombie":1,"dedsafio_3:fogata":1,"dedsafio_3:fantasma_rojo":4,"dedsafio_3:infernal_bull":2,"dedsafio_3:esquelo_dog":1,"dedsafio_3:creeper_cake":2},"minecraft:killed_by":{"dedsafio_3:infernal_bull":1,"minecraft:player":1,"dedsafio_3:bone_spider":1},"minecraft:used":{"minecraft:netherite_sword":16,"minecraft:moss_block":1,"dedsafio_3:altar_a":1,"minecraft:firework_rocket":8,"immersive_paintings:painting":6,"dedsafio_3:flashbang_spawn_egg":1,"minecraft:grass_block":68,"minecraft:barrier":1,"minecraft:elytra":1,"minecraft:chest":1,"minecraft:zombie_spawn_egg":2,"immersive_paintings:glow_graffiti":5,"minecraft:oak_pressure_plate":1,"minecraft:grass":2,"minecraft:totem_of_undying":8,"dedsafio_3:maza":6,"minecraft:golden_apple":2,"minecraft:end_crystal":3,"minecraft:white_bed":2,"minecraft:coarse_dirt":1,"dedsafio_3:infernal_bull_spawn_egg":4,"dedsafio_3:infernal_sword":52,"dedsafio_3:manzana":1,"dedsafio_3:casino_d_3":20,"minecraft:obsidian":4},"minecraft:dropped":{"dedsafio_3:infernal_sword":1,"minecraft:grass_block":1},"minecraft:mined":{"minecraft:tall_seagrass":1,"minecraft:grass":7,"minecraft:tall_grass":5,"minecraft:moss_block":1}},"DataVersion":3465}