{"stats":{"minecraft:picked_up":{"dedsafio_3:taxi":2,"minecraft:wheat_seeds":1},"minecraft:killed":{"dedsafio_3:taxi_23":1},"minecraft:custom":{"minecraft:time_since_rest":2672,"minecraft:walk_one_cm":29254,"minecraft:sprint_one_cm":7340,"minecraft:damage_taken":340,"minecraft:damage_absorbed":40,"minecraft:mob_kills":1,"minecraft:drop":27,"minecraft:damage_dealt":332,"minecraft:fly_one_cm":38670,"minecraft:crouch_one_cm":823,"minecraft:play_time":26471,"minecraft:deaths":1,"minecraft:sneak_time":417,"minecraft:jump":48,"minecraft:leave_game":1,"minecraft:time_since_death":2640,"minecraft:total_world_time":26471,"minecraft:fall_one_cm":1279},"minecraft:killed_by":{"minecraft:player":1},"minecraft:dropped":{"minecraft:diamond_sword":1,"dedsafio_3:armadura_infernal_helmet":1,"dedsafio_3:armadura_infernal_chestplate":1,"dedsafio_3:tenedor":1,"minecraft:diamond_chestplate":1,"dedsafio_3:cuchara":1,"minecraft:diamond_leggings":1,"minecraft:diamond_helmet":1,"minecraft:diamond_boots":1,"dedsafio_3:infernal_sword":2,"minecraft:enchanted_golden_apple":1,"dedsafio_3:armadura_infernal_boots":1,"minecraft:totem_of_undying":6,"dedsafio_3:dedita_gold":1,"dedsafio_3:armadura_infernal_leggings":1,"minecraft:golden_apple":9},"minecraft:used":{"dedsafio_3:flashbang_spawn_egg":4,"dedsafio_3:tiki_guardian_spawn_egg":1,"dedsafio_3:armadura_infernal_boots":1,"dedsafio_3:armadura_infernal_leggings":1,"dedsafio_3:fantasma_rojo_spawn_egg":4,"dedsafio_3:armadura_infernal_chestplate":1,"minecraft:golden_apple":1,"dedsafio_3:taxi":3,"dedsafio_3:armadura_infernal_helmet":1,"dedsafio_3:infernal_sword":13,"dedsafio_3:blaze_storm_spawn_egg":1,"dedsafio_3:infernal_bull_spawn_egg":2,"dedsafio_3:fogata_spawn_egg":1,"dedsafio_3:casino_d_3":3}},"DataVersion":3465}