{"stats":{"minecraft:picked_up":{"minecraft:rotten_flesh":2,"minecraft:iron_ingot":64,"minecraft:totem_of_undying":2},"minecraft:used":{"modminds:corazon":2,"minecraft:totem_of_undying":3},"minecraft:custom":{"minecraft:time_since_rest":205,"minecraft:damage_absorbed":220,"minecraft:crouch_one_cm":226,"minecraft:sprint_one_cm":10952,"minecraft:play_time":56142,"minecraft:damage_taken":1210,"minecraft:deaths":11,"minecraft:walk_one_cm":14152,"minecraft:sneak_time":165,"minecraft:mob_kills":1,"minecraft:jump":72,"minecraft:damage_dealt":71,"minecraft:leave_game":18,"minecraft:walk_on_water_one_cm":47,"minecraft:time_since_death":200,"minecraft:total_world_time":56142,"minecraft:interact_with_crafting_table":1,"minecraft:fall_one_cm":15196,"minecraft:fly_one_cm":78133},"minecraft:crafted":{"minecraft:iron_leggings":1,"minecraft:iron_boots":1,"minecraft:iron_chestplate":1,"minecraft:iron_helmet":1},"minecraft:killed_by":{"dedsafio_3:infernal_bull":1,"minecraft:player":1},"minecraft:killed":{"minecraft:zombie":1}},"DataVersion":3465}