{"stats":{"minecraft:killed_by":{"minecraft:creeper":3,"dedsafio_3:infernal_bull":1,"minecraft:player":1,"dedsafio_3:rana_gigante":1},"minecraft:custom":{"minecraft:time_since_rest":511,"minecraft:damage_absorbed":220,"minecraft:crouch_one_cm":226,"minecraft:play_time":69605,"minecraft:sprint_one_cm":18345,"minecraft:damage_taken":2740,"minecraft:deaths":17,"minecraft:walk_one_cm":19692,"minecraft:sneak_time":170,"minecraft:mob_kills":1,"minecraft:jump":112,"minecraft:damage_dealt":81,"minecraft:leave_game":30,"minecraft:time_since_death":506,"minecraft:walk_on_water_one_cm":47,"minecraft:total_world_time":69605,"minecraft:interact_with_crafting_table":1,"minecraft:fall_one_cm":15943,"minecraft:fly_one_cm":93509},"minecraft:killed":{"minecraft:zombie":1},"minecraft:used":{"minecraft:totem_of_undying":3},"minecraft:picked_up":{"minecraft:rotten_flesh":2,"minecraft:iron_ingot":64,"minecraft:totem_of_undying":2,"minecraft:spider_eye":1},"minecraft:crafted":{"minecraft:iron_leggings":1,"minecraft:iron_boots":1,"minecraft:iron_chestplate":1,"minecraft:iron_helmet":1}},"DataVersion":3465}