{"stats":{"minecraft:crafted":{"minecraft:iron_leggings":1,"minecraft:iron_boots":1,"minecraft:iron_chestplate":1,"minecraft:iron_helmet":1},"minecraft:custom":{"minecraft:time_since_rest":12147,"minecraft:crouch_one_cm":140,"minecraft:sprint_one_cm":1666,"minecraft:play_time":15451,"minecraft:deaths":1,"minecraft:damage_taken":285,"minecraft:walk_one_cm":7794,"minecraft:sneak_time":18,"minecraft:mob_kills":1,"minecraft:jump":30,"minecraft:damage_dealt":59,"minecraft:leave_game":3,"minecraft:walk_on_water_one_cm":47,"minecraft:time_since_death":12143,"minecraft:total_world_time":15451,"minecraft:interact_with_crafting_table":1,"minecraft:fall_one_cm":209,"minecraft:fly_one_cm":15714},"minecraft:killed":{"minecraft:zombie":1},"minecraft:picked_up":{"minecraft:rotten_flesh":2,"minecraft:iron_ingot":64},"minecraft:killed_by":{"minecraft:player":1}},"DataVersion":3465}