{"stats":{"minecraft:picked_up":{"minecraft:rotten_flesh":2},"minecraft:custom":{"minecraft:time_since_rest":3316,"minecraft:damage_dealt":59,"minecraft:crouch_one_cm":140,"minecraft:damage_taken":265,"minecraft:leave_game":2,"minecraft:play_time":6620,"minecraft:time_since_death":3312,"minecraft:walk_one_cm":5962,"minecraft:deaths":1,"minecraft:sneak_time":18,"minecraft:total_world_time":6620,"minecraft:mob_kills":1,"minecraft:fly_one_cm":940,"minecraft:jump":16},"minecraft:killed":{"minecraft:zombie":1},"minecraft:killed_by":{"minecraft:player":1}},"DataVersion":3465}