{"stats":{"minecraft:picked_up":{"minecraft:rotten_flesh":2},"minecraft:custom":{"minecraft:jump":15,"minecraft:time_since_rest":125,"minecraft:damage_dealt":49,"minecraft:crouch_one_cm":140,"minecraft:leave_game":1,"minecraft:deaths":1,"minecraft:play_time":3429,"minecraft:damage_taken":255,"minecraft:time_since_death":121,"minecraft:walk_one_cm":4936,"minecraft:sneak_time":18,"minecraft:total_world_time":3429,"minecraft:mob_kills":1,"minecraft:fly_one_cm":900},"minecraft:killed":{"minecraft:zombie":1},"minecraft:killed_by":{"minecraft:player":1}},"DataVersion":3465}