{"stats":{"minecraft:killed_by":{"minecraft:player":2,"dedsafio_3:bone_spider":1},"minecraft:used":{"dedsafio_3:bone_spider_spawn_egg":3,"dedsafio_3:tiki_guardian_spawn_egg":1,"minecraft:totem_of_undying":1,"minecraft:grass":1,"dedsafio_3:fantasma_rojo_spawn_egg":5,"minecraft:netherite_leggings":1,"dedsafio_3:creeper_cake_spawn_egg":2,"dedsafio_3:infernal_sword":3,"dedsafio_3:fogata_spawn_egg":1,"minecraft:enchanted_golden_apple":1,"minecraft:splash_potion":130},"minecraft:picked_up":{"minecraft:netherite_boots":2,"minecraft:dirt":21,"minecraft:netherite_leggings":2,"dedsafio_3:infernal_sword":2,"minecraft:netherite_helmet":2,"minecraft:grass":1,"minecraft:totem_of_undying":1,"minecraft:enchanted_golden_apple":1,"minecraft:netherite_chestplate":2},"minecraft:custom":{"minecraft:time_since_rest":205,"minecraft:sprint_one_cm":11926,"minecraft:walk_one_cm":11139,"minecraft:damage_taken":2464,"minecraft:damage_absorbed":220,"minecraft:drop":16,"minecraft:damage_dealt":171,"minecraft:damage_dealt_absorbed":160,"minecraft:swim_one_cm":1074,"minecraft:fly_one_cm":75505,"minecraft:player_kills":1,"minecraft:crouch_one_cm":864,"minecraft:play_time":61565,"minecraft:deaths":8,"minecraft:sneak_time":2450,"minecraft:walk_under_water_one_cm":367,"minecraft:jump":68,"minecraft:leave_game":12,"minecraft:walk_on_water_one_cm":3532,"minecraft:time_since_death":201,"minecraft:total_world_time":61565,"minecraft:damage_resisted":94,"minecraft:fall_one_cm":14221},"minecraft:dropped":{"dedsafio_3:flashbang_spawn_egg":1,"minecraft:netherite_chestplate":1,"minecraft:netherite_boots":1,"dedsafio_3:manzana":1,"minecraft:netherite_helmet":1,"dedsafio_3:infernal_sword":1,"minecraft:enchanted_golden_apple":1,"minecraft:totem_of_undying":6,"minecraft:golden_apple":1,"minecraft:netherite_leggings":1,"dedsafio_3:medusa_spawn_egg":1}},"DataVersion":3465}