{"stats":{"minecraft:picked_up":{"minecraft:rotten_flesh":2,"minecraft:iron_ingot":64,"minecraft:totem_of_undying":2},"minecraft:used":{"modminds:corazon":2,"minecraft:totem_of_undying":3},"minecraft:custom":{"minecraft:time_since_rest":3292,"minecraft:damage_taken":1470,"minecraft:crouch_one_cm":226,"minecraft:sprint_one_cm":15950,"minecraft:play_time":61232,"minecraft:damage_absorbed":220,"minecraft:deaths":12,"minecraft:walk_one_cm":17219,"minecraft:sneak_time":165,"minecraft:mob_kills":1,"minecraft:jump":110,"minecraft:damage_dealt":81,"minecraft:leave_game":22,"minecraft:walk_on_water_one_cm":47,"minecraft:time_since_death":3287,"minecraft:total_world_time":61232,"minecraft:interact_with_crafting_table":1,"minecraft:fall_one_cm":15943,"minecraft:fly_one_cm":91472},"minecraft:crafted":{"minecraft:iron_leggings":1,"minecraft:iron_boots":1,"minecraft:iron_chestplate":1,"minecraft:iron_helmet":1},"minecraft:killed_by":{"dedsafio_3:infernal_bull":1,"minecraft:player":1,"dedsafio_3:rana_gigante":1},"minecraft:killed":{"minecraft:zombie":1}},"DataVersion":3465}