{"stats":{"minecraft:killed_by":{"minecraft:player":1},"minecraft:picked_up":{"minecraft:rotten_flesh":2,"minecraft:iron_ingot":64},"minecraft:used":{"modminds:corazon":1},"minecraft:killed":{"minecraft:zombie":1},"minecraft:custom":{"minecraft:time_since_rest":34424,"minecraft:crouch_one_cm":140,"minecraft:sprint_one_cm":1666,"minecraft:play_time":37728,"minecraft:deaths":1,"minecraft:damage_taken":285,"minecraft:walk_one_cm":8048,"minecraft:sneak_time":114,"minecraft:mob_kills":1,"minecraft:jump":33,"minecraft:damage_dealt":59,"minecraft:leave_game":11,"minecraft:walk_on_water_one_cm":47,"minecraft:time_since_death":34420,"minecraft:total_world_time":37728,"minecraft:interact_with_crafting_table":1,"minecraft:fall_one_cm":209,"minecraft:fly_one_cm":31073},"minecraft:crafted":{"minecraft:iron_leggings":1,"minecraft:iron_boots":1,"minecraft:iron_chestplate":1,"minecraft:iron_helmet":1}},"DataVersion":3465}