{"stats":{"minecraft:killed_by":{"minecraft:player":1},"minecraft:picked_up":{"minecraft:rotten_flesh":2,"minecraft:iron_ingot":64},"minecraft:used":{"modminds:corazon":1,"minecraft:totem_of_undying":1},"minecraft:killed":{"minecraft:zombie":1},"minecraft:custom":{"minecraft:time_since_rest":48369,"minecraft:damage_absorbed":80,"minecraft:crouch_one_cm":226,"minecraft:sprint_one_cm":5094,"minecraft:play_time":51673,"minecraft:deaths":8,"minecraft:damage_taken":790,"minecraft:walk_one_cm":10302,"minecraft:sneak_time":165,"minecraft:mob_kills":1,"minecraft:jump":53,"minecraft:damage_dealt":59,"minecraft:leave_game":12,"minecraft:walk_on_water_one_cm":47,"minecraft:time_since_death":48365,"minecraft:total_world_time":51673,"minecraft:interact_with_crafting_table":1,"minecraft:fall_one_cm":14523,"minecraft:fly_one_cm":65078},"minecraft:crafted":{"minecraft:iron_leggings":1,"minecraft:iron_boots":1,"minecraft:iron_chestplate":1,"minecraft:iron_helmet":1}},"DataVersion":3465}