{"stats":{"minecraft:picked_up":{"minecraft:rotten_flesh":2,"minecraft:iron_ingot":64},"minecraft:used":{"modminds:corazon":2,"minecraft:totem_of_undying":1},"minecraft:custom":{"minecraft:time_since_rest":200,"minecraft:damage_taken":790,"minecraft:crouch_one_cm":226,"minecraft:sprint_one_cm":6353,"minecraft:play_time":53549,"minecraft:deaths":10,"minecraft:walk_one_cm":11367,"minecraft:damage_absorbed":80,"minecraft:sneak_time":165,"minecraft:mob_kills":1,"minecraft:jump":54,"minecraft:damage_dealt":59,"minecraft:leave_game":13,"minecraft:walk_on_water_one_cm":47,"minecraft:time_since_death":195,"minecraft:total_world_time":53549,"minecraft:interact_with_crafting_table":1,"minecraft:fall_one_cm":14792,"minecraft:fly_one_cm":65488},"minecraft:crafted":{"minecraft:iron_leggings":1,"minecraft:iron_boots":1,"minecraft:iron_chestplate":1,"minecraft:iron_helmet":1},"minecraft:killed_by":{"minecraft:player":1},"minecraft:killed":{"minecraft:zombie":1}},"DataVersion":3465}