{"stats":{"minecraft:custom":{"minecraft:time_since_rest":32796,"minecraft:crouch_one_cm":263,"minecraft:play_time":32796,"minecraft:damage_taken":30,"minecraft:walk_one_cm":4514,"minecraft:sneak_time":2215,"minecraft:drop":16,"minecraft:jump":32,"minecraft:damage_dealt":140,"minecraft:leave_game":2,"minecraft:time_since_death":32796,"minecraft:damage_dealt_absorbed":160,"minecraft:total_world_time":32796,"minecraft:fly_one_cm":2112,"minecraft:player_kills":1},"minecraft:used":{"dedsafio_3:fantasma_rojo_spawn_egg":4,"dedsafio_3:bone_spider_spawn_egg":3,"dedsafio_3:tiki_guardian_spawn_egg":1,"dedsafio_3:creeper_cake_spawn_egg":2,"dedsafio_3:fogata_spawn_egg":1,"dedsafio_3:infernal_sword":3},"minecraft:picked_up":{"minecraft:netherite_boots":1,"minecraft:netherite_helmet":1,"minecraft:netherite_chestplate":1,"minecraft:netherite_leggings":1,"dedsafio_3:infernal_sword":1},"minecraft:dropped":{"dedsafio_3:infernal_sword":1,"minecraft:enchanted_golden_apple":1,"dedsafio_3:flashbang_spawn_egg":1,"minecraft:totem_of_undying":6,"dedsafio_3:medusa_spawn_egg":1,"minecraft:netherite_helmet":1,"dedsafio_3:manzana":1,"minecraft:golden_apple":1,"minecraft:netherite_leggings":1,"minecraft:netherite_boots":1,"minecraft:netherite_chestplate":1}},"DataVersion":3465}