{"stats":{"minecraft:crafted":{"minecraft:iron_leggings":1,"minecraft:iron_boots":1,"minecraft:iron_chestplate":1,"minecraft:iron_helmet":1},"minecraft:custom":{"minecraft:time_since_rest":31290,"minecraft:crouch_one_cm":140,"minecraft:sprint_one_cm":1666,"minecraft:play_time":34594,"minecraft:deaths":1,"minecraft:damage_taken":285,"minecraft:walk_one_cm":8048,"minecraft:sneak_time":48,"minecraft:mob_kills":1,"minecraft:jump":32,"minecraft:damage_dealt":59,"minecraft:leave_game":10,"minecraft:walk_on_water_one_cm":47,"minecraft:time_since_death":31286,"minecraft:total_world_time":34594,"minecraft:interact_with_crafting_table":1,"minecraft:fall_one_cm":209,"minecraft:fly_one_cm":22975},"minecraft:killed_by":{"minecraft:player":1},"minecraft:killed":{"minecraft:zombie":1},"minecraft:picked_up":{"minecraft:rotten_flesh":2,"minecraft:iron_ingot":64}},"DataVersion":3465}