{"stats":{"minecraft:mined":{"minecraft:dark_oak_planks":1,"minecraft:torch":3,"minecraft:rose_bush":1,"minecraft:tall_grass":3,"minecraft:cobblestone":5,"minecraft:spawner":8,"minecraft:grass":4,"minecraft:coal_ore":2,"minecraft:dirt":7,"minecraft:gray_carpet":1,"minecraft:stone":33},"minecraft:picked_up":{"dedsafio_3:armadura_infernal_boots":2,"minecraft:wheat":1,"minecraft:splash_potion":2,"minecraft:golden_carrot":9,"modminds:buho_totem":3,"minecraft:leather":7,"minecraft:oak_stairs":8,"minecraft:potato":2,"dedsafio_3:armadura_infernal_chestplate":2,"minecraft:golden_sword":1,"minecraft:string":1,"minecraft:dirt":27,"minecraft:bone":17,"minecraft:gray_carpet":1,"minecraft:bow":1,"minecraft:wheat_seeds":3,"pacomodsforge:espada":1,"minecraft:spruce_planks":23,"minecraft:beef":6,"minecraft:rose_bush":1,"modminds:nutritotem":10,"minecraft:oak_planks":30,"minecraft:phantom_membrane":1,"minecraft:dark_oak_stairs":1,"minecraft:book":1,"modminds:espada_infernal_curativa":2,"immersive_paintings:glow_graffiti":4,"minecraft:torch":67,"pacomodsforge:ender_bag":1,"minecraft:porkchop":6,"minecraft:sand":31,"minecraft:spruce_door":2,"minecraft:dark_oak_planks":1,"dedsafio_3:armadura_infernal_helmet":2,"minecraft:arrow":64,"minecraft:rotten_flesh":3,"minecraft:diamond_chestplate":1,"minecraft:slime_ball":3,"minecraft:golden_apple":99,"dedsafio_3:armadura_infernal_leggings":2,"minecraft:totem_of_undying":11,"minecraft:coal":3,"minecraft:ender_pearl":3,"minecraft:bone_block":2,"minecraft:cobblestone":120,"minecraft:diamond_pickaxe":2},"minecraft:killed_by":{"minecraft:player":2,"pacomodsforge:fantasmarojo":1,"minecraft:spider":2,"dedsafio_3:creeper_cake":1,"dedsafio_3:infernal_bull":1},"minecraft:used":{"minecraft:rose_bush":1,"minecraft:gray_carpet":1,"minecraft:ender_pearl":3,"minecraft:rotten_flesh":2,"minecraft:golden_apple":27,"modminds:espada_infernal_curativa":88,"minecraft:diamond_pickaxe":59,"immersive_paintings:glow_graffiti":4,"minecraft:totem_of_undying":3,"minecraft:cobblestone":47,"minecraft:bow":5},"minecraft:killed":{"minecraft:husk":3,"dedsafio_3:sapo":2,"minecraft:spider":2,"minecraft:hoglin":2,"minecraft:phantom":2,"dedsafio_3:rana_gigante":3,"minecraft:wither_skeleton":5,"dedsafio_3:creeper_cake":1},"minecraft:custom":{"minecraft:mob_kills":20,"minecraft:open_barrel":3,"minecraft:leave_game":18,"minecraft:time_since_death":14898,"minecraft:time_since_rest":14957,"minecraft:walk_one_cm":197943,"minecraft:sprint_one_cm":120366,"minecraft:open_enderchest":2,"minecraft:damage_taken":2147483647,"minecraft:damage_absorbed":1159,"minecraft:drop":3,"minecraft:damage_dealt":4920,"minecraft:play_noteblock":1,"minecraft:swim_one_cm":1345,"minecraft:fly_one_cm":215869,"minecraft:player_kills":1,"minecraft:open_chest":4,"minecraft:crouch_one_cm":2620,"minecraft:play_time":80907,"minecraft:deaths":9,"minecraft:sneak_time":1182,"minecraft:walk_under_water_one_cm":338,"minecraft:jump":1978,"minecraft:walk_on_water_one_cm":989,"minecraft:total_world_time":80907,"minecraft:fall_one_cm":44104},"minecraft:dropped":{"minecraft:wheat":1,"minecraft:cobblestone":10,"minecraft:totem_of_undying":1}},"DataVersion":3465}