{"stats":{"minecraft:mined":{"minecraft:grass":4,"minecraft:rose_bush":1,"minecraft:tall_grass":3},"minecraft:killed":{"dedsafio_3:sapo":1},"minecraft:dropped":{"minecraft:totem_of_undying":1},"minecraft:used":{"minecraft:rose_bush":1,"immersive_paintings:glow_graffiti":4,"minecraft:rotten_flesh":2,"minecraft:golden_apple":1,"modminds:espada_infernal_curativa":1},"minecraft:custom":{"minecraft:time_since_rest":9822,"minecraft:walk_one_cm":86131,"minecraft:sprint_one_cm":77676,"minecraft:open_enderchest":2,"minecraft:damage_taken":2147483647,"minecraft:damage_absorbed":80,"minecraft:mob_kills":1,"minecraft:drop":1,"minecraft:damage_dealt":352,"minecraft:swim_one_cm":1345,"minecraft:fly_one_cm":138247,"minecraft:player_kills":1,"minecraft:open_chest":1,"minecraft:crouch_one_cm":819,"minecraft:play_time":49031,"minecraft:deaths":8,"minecraft:sneak_time":549,"minecraft:walk_under_water_one_cm":338,"minecraft:jump":506,"minecraft:leave_game":13,"minecraft:walk_on_water_one_cm":677,"minecraft:time_since_death":9819,"minecraft:total_world_time":49031,"minecraft:fall_one_cm":10416},"minecraft:picked_up":{"minecraft:book":1,"dedsafio_3:armadura_infernal_boots":1,"modminds:espada_infernal_curativa":1,"immersive_paintings:glow_graffiti":4,"modminds:buho_totem":2,"pacomodsforge:ender_bag":1,"minecraft:sand":31,"dedsafio_3:armadura_infernal_chestplate":1,"dedsafio_3:armadura_infernal_helmet":1,"minecraft:rotten_flesh":2,"minecraft:slime_ball":2,"pacomodsforge:espada":1,"minecraft:golden_apple":64,"dedsafio_3:armadura_infernal_leggings":1,"modminds:nutritotem":9,"minecraft:rose_bush":1,"minecraft:totem_of_undying":1,"minecraft:cobblestone":64,"minecraft:diamond_pickaxe":1},"minecraft:killed_by":{"dedsafio_3:infernal_bull":1,"minecraft:player":2,"pacomodsforge:fantasmarojo":1,"minecraft:spider":2,"dedsafio_3:creeper_cake":1}},"DataVersion":3465}