{"stats":{"minecraft:picked_up":{"dedsafio_3:armadura_infernal_boots":1,"dedsafio_3:casino_d_3":1,"dedsafio_3:lana_arcoiris":1,"dedsafio_3:taxi":3,"minecraft:diamond_sword":1,"minecraft:potato":1,"dedsafio_3:cetro_ancestral":2,"dedsafio_3:tenedor":1,"dedsafio_3:armadura_infernal_chestplate":1,"minecraft:string":1,"minecraft:dirt":52,"dedsafio_3:infernal_sword":2,"minecraft:diamond_chestplate":1,"dedsafio_3:armadura_infernal_helmet":2,"minecraft:rotten_flesh":7,"minecraft:diamond_leggings":1,"minecraft:wheat_seeds":5,"dedsafio_3:dedita_gold":1,"minecraft:diamond_boots":1,"minecraft:diamond_helmet":1,"dedsafio_3:manzana":2,"minecraft:golden_apple":9,"dedsafio_3:armadura_infernal_leggings":1,"minecraft:totem_of_undying":6,"minecraft:enchanted_golden_apple":1,"minecraft:snowball":26,"dedsafio_3:cuchara":1},"minecraft:mined":{"dedsafio_3:lana_arcoiris":1,"minecraft:grass":40,"minecraft:grass_block":5,"minecraft:dirt":17,"minecraft:tall_grass":3},"minecraft:killed":{"dedsafio_3:tiki_guardian":1,"dedsafio_3:blaze_storm":2,"minecraft:zombie":10,"dedsafio_3:fogata":1,"dedsafio_3:wild_fire":1,"dedsafio_3:fantasma_rojo":4,"dedsafio_3:infernal_bull":1,"minecraft:spider":1},"minecraft:custom":{"minecraft:time_since_rest":36610,"minecraft:sprint_one_cm":46451,"minecraft:walk_one_cm":97026,"minecraft:damage_taken":1767,"minecraft:damage_absorbed":616,"minecraft:mob_kills":21,"minecraft:drop":1,"minecraft:damage_dealt":6969,"minecraft:fly_one_cm":104500,"minecraft:player_kills":1,"minecraft:crouch_one_cm":1907,"minecraft:play_time":36610,"minecraft:sneak_time":2208,"minecraft:jump":671,"minecraft:leave_game":1,"minecraft:time_since_death":36610,"minecraft:total_world_time":36610,"minecraft:damage_resisted":134,"minecraft:fall_one_cm":17467},"minecraft:dropped":{"dedsafio_3:cetro_ancestral":1},"minecraft:used":{"dedsafio_3:espada_fantasmal":26,"dedsafio_3:batidora_legendaria":2,"dedsafio_3:armadura_infernal_boots":1,"minecraft:totem_of_undying":2,"dedsafio_3:lana_arcoiris":1,"minecraft:rotten_flesh":7,"minecraft:diamond_sword":9,"minecraft:golden_apple":9,"dedsafio_3:taxi":2,"minecraft:dirt":22,"dedsafio_3:pildora":6,"dedsafio_3:manzana":3,"dedsafio_3:stone_plyaer":6,"dedsafio_3:infernal_sword":123,"minecraft:potato":1,"minecraft:snowball":26,"minecraft:enchanted_golden_apple":1,"minecraft:diamond_leggings":1}},"DataVersion":3465}