{"stats":{"minecraft:mined":{"minecraft:grass":3,"minecraft:rose_bush":1,"minecraft:tall_grass":3},"minecraft:killed":{"dedsafio_3:sapo":1},"minecraft:dropped":{"minecraft:totem_of_undying":1},"minecraft:custom":{"minecraft:open_chest":1,"minecraft:time_since_rest":201,"minecraft:damage_taken":2147483647,"minecraft:crouch_one_cm":819,"minecraft:damage_absorbed":80,"minecraft:play_time":39410,"minecraft:sprint_one_cm":72294,"minecraft:open_enderchest":2,"minecraft:walk_one_cm":66564,"minecraft:deaths":8,"minecraft:mob_kills":1,"minecraft:sneak_time":549,"minecraft:walk_under_water_one_cm":338,"minecraft:drop":1,"minecraft:jump":477,"minecraft:damage_dealt":352,"minecraft:leave_game":12,"minecraft:time_since_death":198,"minecraft:walk_on_water_one_cm":677,"minecraft:total_world_time":39410,"minecraft:swim_one_cm":1345,"minecraft:fall_one_cm":10012,"minecraft:fly_one_cm":137202,"minecraft:player_kills":1},"minecraft:used":{"minecraft:rotten_flesh":2,"minecraft:rose_bush":1,"immersive_paintings:glow_graffiti":4},"minecraft:picked_up":{"minecraft:rotten_flesh":2,"minecraft:slime_ball":2,"immersive_paintings:glow_graffiti":4,"pacomodsforge:espada":1,"pacomodsforge:ender_bag":1,"minecraft:sand":31,"minecraft:rose_bush":1,"modminds:nutritotem":6,"minecraft:totem_of_undying":1},"minecraft:killed_by":{"pacomodsforge:fantasmarojo":1,"minecraft:spider":2,"dedsafio_3:infernal_bull":1,"dedsafio_3:creeper_cake":1,"minecraft:player":2}},"DataVersion":3465}