{"stats":{"minecraft:mined":{"minecraft:dark_oak_planks":1,"minecraft:torch":3,"minecraft:rose_bush":1,"minecraft:tall_grass":3,"minecraft:cobblestone":5,"minecraft:spawner":8,"minecraft:grass":10,"minecraft:coal_ore":9,"minecraft:dirt":9,"minecraft:gray_carpet":1,"minecraft:stone":33},"minecraft:picked_up":{"dedsafio_3:armadura_infernal_boots":2,"minecraft:wheat":1,"minecraft:splash_potion":2,"minecraft:golden_carrot":9,"modminds:dedita_naranja":37,"modminds:buho_totem":3,"minecraft:leather":7,"minecraft:oak_stairs":10,"minecraft:potato":2,"dedsafio_3:armadura_infernal_chestplate":2,"minecraft:golden_sword":1,"minecraft:dirt":28,"minecraft:string":3,"modminds:churro":10,"minecraft:bone":17,"minecraft:gray_carpet":1,"minecraft:bow":2,"minecraft:wheat_seeds":3,"pacomodsforge:espada":1,"minecraft:spruce_planks":23,"minecraft:beef":6,"minecraft:rose_bush":1,"modminds:nutritotem":10,"minecraft:oak_planks":30,"minecraft:phantom_membrane":1,"minecraft:dark_oak_stairs":1,"minecraft:book":1,"pacomodsforge:portable_golden_anvil":1,"modminds:espada_infernal_curativa":3,"immersive_paintings:glow_graffiti":4,"minecraft:torch":131,"pacomodsforge:ender_bag":1,"minecraft:porkchop":25,"minecraft:sand":31,"minecraft:spruce_door":2,"minecraft:dark_oak_planks":2,"dedsafio_3:armadura_infernal_helmet":2,"minecraft:arrow":64,"minecraft:rotten_flesh":3,"minecraft:diamond_chestplate":1,"minecraft:slime_ball":4,"minecraft:golden_apple":159,"dedsafio_3:armadura_infernal_leggings":3,"minecraft:totem_of_undying":22,"minecraft:coal":3,"minecraft:ender_pearl":5,"minecraft:bone_block":2,"minecraft:cobblestone":153,"minecraft:diamond_pickaxe":2},"minecraft:killed_by":{"minecraft:player":2,"pacomodsforge:fantasmarojo":2,"minecraft:spider":2,"dedsafio_3:creeper_cake":1,"dedsafio_3:infernal_bull":1},"minecraft:used":{"minecraft:rose_bush":1,"minecraft:gray_carpet":1,"minecraft:ender_pearl":3,"minecraft:rotten_flesh":2,"minecraft:golden_apple":33,"modminds:espada_infernal_curativa":97,"minecraft:dirt":6,"minecraft:diamond_pickaxe":66,"immersive_paintings:glow_graffiti":4,"minecraft:totem_of_undying":4,"minecraft:cobblestone":47,"minecraft:bow":11},"minecraft:killed":{"minecraft:husk":3,"dedsafio_3:sapo":2,"dedsafio_3:esquelo_dog":1,"minecraft:spider":2,"minecraft:hoglin":2,"minecraft:phantom":2,"dedsafio_3:rana_gigante":3,"minecraft:sheep":2,"minecraft:wither_skeleton":5,"dedsafio_3:creeper_cake":1},"minecraft:custom":{"minecraft:mob_kills":23,"minecraft:open_barrel":3,"minecraft:leave_game":19,"minecraft:time_since_death":9406,"minecraft:time_since_rest":9409,"minecraft:damage_absorbed":1319,"minecraft:sprint_one_cm":140709,"minecraft:open_enderchest":2,"minecraft:damage_taken":2147483647,"minecraft:walk_one_cm":238673,"minecraft:drop":9,"minecraft:damage_dealt":5174,"minecraft:play_noteblock":1,"minecraft:swim_one_cm":1345,"minecraft:fly_one_cm":275083,"minecraft:player_kills":1,"minecraft:open_chest":5,"minecraft:crouch_one_cm":2767,"minecraft:play_time":98653,"minecraft:deaths":10,"minecraft:sneak_time":1255,"minecraft:walk_under_water_one_cm":338,"minecraft:jump":2295,"minecraft:walk_on_water_one_cm":989,"minecraft:total_world_time":98653,"minecraft:fall_one_cm":60562},"minecraft:dropped":{"minecraft:ender_pearl":1,"minecraft:wheat":1,"minecraft:cobblestone":10,"modminds:espada_infernal_curativa":1,"minecraft:totem_of_undying":1,"minecraft:golden_apple":12,"minecraft:dark_oak_planks":1,"minecraft:string":1,"dedsafio_3:armadura_infernal_leggings":1}},"DataVersion":3465}