{"stats":{"minecraft:mined":{"minecraft:dark_oak_planks":1,"minecraft:grass":4,"minecraft:coal_ore":2,"minecraft:rose_bush":1,"minecraft:dirt":7,"minecraft:gray_carpet":1,"minecraft:tall_grass":3,"minecraft:cobblestone":1,"minecraft:stone":33,"minecraft:spawner":4},"minecraft:picked_up":{"minecraft:book":1,"dedsafio_3:armadura_infernal_boots":1,"modminds:espada_infernal_curativa":1,"minecraft:wheat":1,"immersive_paintings:glow_graffiti":4,"modminds:buho_totem":2,"minecraft:torch":64,"minecraft:oak_stairs":2,"minecraft:potato":1,"pacomodsforge:ender_bag":1,"minecraft:porkchop":6,"minecraft:sand":31,"dedsafio_3:armadura_infernal_chestplate":1,"minecraft:spruce_door":1,"minecraft:dirt":7,"minecraft:dark_oak_planks":1,"dedsafio_3:armadura_infernal_helmet":1,"minecraft:rotten_flesh":3,"minecraft:slime_ball":2,"minecraft:gray_carpet":1,"minecraft:wheat_seeds":3,"pacomodsforge:espada":1,"minecraft:spruce_planks":8,"minecraft:golden_apple":99,"minecraft:rose_bush":1,"modminds:nutritotem":9,"dedsafio_3:armadura_infernal_leggings":1,"minecraft:totem_of_undying":8,"minecraft:oak_planks":3,"minecraft:coal":3,"minecraft:ender_pearl":3,"minecraft:cobblestone":97,"minecraft:diamond_pickaxe":1},"minecraft:custom":{"minecraft:damage_absorbed":835,"minecraft:sprint_one_cm":109361,"minecraft:open_enderchest":2,"minecraft:damage_taken":2147483647,"minecraft:walk_one_cm":142627,"minecraft:mob_kills":13,"minecraft:drop":2,"minecraft:damage_dealt":3725,"minecraft:play_noteblock":1,"minecraft:swim_one_cm":1345,"minecraft:player_kills":1,"minecraft:fly_one_cm":197413,"minecraft:open_barrel":3,"minecraft:open_chest":3,"minecraft:crouch_one_cm":1289,"minecraft:play_time":67154,"minecraft:deaths":9,"minecraft:sneak_time":753,"minecraft:walk_under_water_one_cm":338,"minecraft:jump":1834,"minecraft:leave_game":16,"minecraft:time_since_death":1145,"minecraft:walk_on_water_one_cm":989,"minecraft:total_world_time":67154,"minecraft:fall_one_cm":26850,"minecraft:time_since_rest":1204},"minecraft:killed":{"dedsafio_3:rana_gigante":3,"minecraft:husk":3,"dedsafio_3:sapo":1,"minecraft:wither_skeleton":4,"minecraft:hoglin":2},"minecraft:dropped":{"minecraft:wheat":1,"minecraft:totem_of_undying":1},"minecraft:killed_by":{"dedsafio_3:infernal_bull":1,"minecraft:player":2,"pacomodsforge:fantasmarojo":1,"minecraft:spider":2,"dedsafio_3:creeper_cake":1},"minecraft:used":{"minecraft:diamond_pickaxe":48,"minecraft:rose_bush":1,"minecraft:gray_carpet":1,"minecraft:ender_pearl":3,"immersive_paintings:glow_graffiti":4,"minecraft:rotten_flesh":2,"modminds:espada_infernal_curativa":62,"minecraft:golden_apple":18,"minecraft:cobblestone":34}},"DataVersion":3465}