{"stats":{"minecraft:picked_up":{"minecraft:rotten_flesh":2,"minecraft:slime_ball":2,"minecraft:totem_of_undying":1},"minecraft:custom":{"minecraft:open_chest":1,"minecraft:time_since_rest":2718,"minecraft:crouch_one_cm":819,"minecraft:sprint_one_cm":63535,"minecraft:play_time":27809,"minecraft:damage_taken":2147483647,"minecraft:deaths":6,"minecraft:walk_one_cm":43846,"minecraft:sneak_time":475,"minecraft:mob_kills":1,"minecraft:drop":1,"minecraft:jump":368,"minecraft:damage_dealt":346,"minecraft:leave_game":7,"minecraft:walk_on_water_one_cm":334,"minecraft:time_since_death":2712,"minecraft:total_world_time":27809,"minecraft:fall_one_cm":6169,"minecraft:fly_one_cm":87936,"minecraft:player_kills":1},"minecraft:killed":{"dedsafio_3:sapo":1},"minecraft:used":{"minecraft:rotten_flesh":2},"minecraft:killed_by":{"minecraft:spider":2,"dedsafio_3:creeper_cake":1,"minecraft:player":2},"minecraft:dropped":{"minecraft:totem_of_undying":1},"minecraft:mined":{"minecraft:grass":3,"minecraft:tall_grass":3}},"DataVersion":3465}