{"stats":{"minecraft:picked_up":{"minecraft:rotten_flesh":2,"minecraft:slime_ball":2},"minecraft:custom":{"minecraft:time_since_rest":5284,"minecraft:crouch_one_cm":809,"minecraft:sprint_one_cm":10085,"minecraft:play_time":15809,"minecraft:damage_taken":6641,"minecraft:deaths":3,"minecraft:walk_one_cm":21961,"minecraft:sneak_time":446,"minecraft:mob_kills":1,"minecraft:jump":126,"minecraft:damage_dealt":288,"minecraft:leave_game":7,"minecraft:walk_on_water_one_cm":334,"minecraft:time_since_death":5279,"minecraft:total_world_time":15809,"minecraft:fall_one_cm":2299,"minecraft:fly_one_cm":25092,"minecraft:player_kills":1},"minecraft:killed":{"dedsafio_3:sapo":1},"minecraft:used":{"minecraft:rotten_flesh":2},"minecraft:killed_by":{"dedsafio_3:creeper_cake":1,"minecraft:player":2},"minecraft:mined":{"minecraft:grass":3,"minecraft:tall_grass":3}},"DataVersion":3465}