{"stats":{"minecraft:mined":{"minecraft:grass":4,"minecraft:coal_ore":2,"minecraft:rose_bush":1,"minecraft:dirt":7,"minecraft:gray_carpet":1,"minecraft:tall_grass":3,"minecraft:stone":33,"minecraft:dark_oak_planks":1},"minecraft:picked_up":{"minecraft:book":1,"dedsafio_3:armadura_infernal_boots":1,"modminds:espada_infernal_curativa":1,"immersive_paintings:glow_graffiti":4,"modminds:buho_totem":2,"minecraft:potato":1,"pacomodsforge:ender_bag":1,"minecraft:sand":31,"dedsafio_3:armadura_infernal_chestplate":1,"minecraft:dirt":7,"minecraft:dark_oak_planks":1,"dedsafio_3:armadura_infernal_helmet":1,"minecraft:rotten_flesh":3,"minecraft:slime_ball":2,"pacomodsforge:espada":1,"modminds:nutritotem":9,"minecraft:rose_bush":1,"minecraft:golden_apple":64,"dedsafio_3:armadura_infernal_leggings":1,"minecraft:totem_of_undying":1,"minecraft:coal":2,"minecraft:cobblestone":97,"minecraft:diamond_pickaxe":1},"minecraft:custom":{"minecraft:time_since_rest":15061,"minecraft:damage_absorbed":280,"minecraft:sprint_one_cm":93797,"minecraft:open_enderchest":2,"minecraft:damage_taken":2147483647,"minecraft:walk_one_cm":99132,"minecraft:mob_kills":3,"minecraft:drop":1,"minecraft:damage_dealt":1240,"minecraft:play_noteblock":1,"minecraft:swim_one_cm":1345,"minecraft:fly_one_cm":167846,"minecraft:player_kills":1,"minecraft:open_barrel":3,"minecraft:open_chest":1,"minecraft:crouch_one_cm":849,"minecraft:play_time":54270,"minecraft:deaths":8,"minecraft:sneak_time":654,"minecraft:walk_under_water_one_cm":338,"minecraft:jump":976,"minecraft:leave_game":13,"minecraft:walk_on_water_one_cm":677,"minecraft:time_since_death":15058,"minecraft:total_world_time":54270,"minecraft:fall_one_cm":17296},"minecraft:killed":{"dedsafio_3:rana_gigante":1,"minecraft:husk":1,"dedsafio_3:sapo":1},"minecraft:dropped":{"minecraft:totem_of_undying":1},"minecraft:killed_by":{"dedsafio_3:infernal_bull":1,"minecraft:player":2,"pacomodsforge:fantasmarojo":1,"minecraft:spider":2,"dedsafio_3:creeper_cake":1},"minecraft:used":{"minecraft:diamond_pickaxe":43,"minecraft:rose_bush":1,"immersive_paintings:glow_graffiti":4,"minecraft:rotten_flesh":2,"minecraft:golden_apple":6,"modminds:espada_infernal_curativa":16,"minecraft:cobblestone":8}},"DataVersion":3465}