{"stats":{"minecraft:picked_up":{"minecraft:rotten_flesh":2,"minecraft:slime_ball":2,"immersive_paintings:glow_graffiti":4,"minecraft:rose_bush":1,"minecraft:totem_of_undying":1},"minecraft:custom":{"minecraft:open_chest":1,"minecraft:time_since_rest":1079,"minecraft:crouch_one_cm":819,"minecraft:sprint_one_cm":66700,"minecraft:play_time":33983,"minecraft:damage_taken":2147483647,"minecraft:deaths":7,"minecraft:walk_one_cm":57231,"minecraft:sneak_time":549,"minecraft:mob_kills":1,"minecraft:drop":1,"minecraft:jump":407,"minecraft:damage_dealt":352,"minecraft:leave_game":8,"minecraft:walk_on_water_one_cm":334,"minecraft:time_since_death":1074,"minecraft:total_world_time":33983,"minecraft:fall_one_cm":6436,"minecraft:fly_one_cm":120092,"minecraft:player_kills":1},"minecraft:killed":{"dedsafio_3:sapo":1},"minecraft:used":{"minecraft:rotten_flesh":2,"minecraft:rose_bush":1,"immersive_paintings:glow_graffiti":4},"minecraft:killed_by":{"minecraft:spider":2,"dedsafio_3:infernal_bull":1,"dedsafio_3:creeper_cake":1,"minecraft:player":2},"minecraft:dropped":{"minecraft:totem_of_undying":1},"minecraft:mined":{"minecraft:grass":3,"minecraft:rose_bush":1,"minecraft:tall_grass":3}},"DataVersion":3465}