{"stats":{"minecraft:picked_up":{"dedsafio_3:armadura_infernal_boots":1,"dedsafio_3:armadura_infernal_helmet":1,"minecraft:rotten_flesh":7,"dedsafio_3:dedita_gold":1,"minecraft:potato":1,"dedsafio_3:armadura_infernal_leggings":1,"dedsafio_3:armadura_infernal_chestplate":1,"minecraft:snowball":26,"minecraft:dirt":31,"dedsafio_3:infernal_sword":1},"minecraft:killed":{"minecraft:zombie":8},"minecraft:mined":{"minecraft:dirt":1},"minecraft:custom":{"minecraft:time_since_rest":9313,"minecraft:crouch_one_cm":1359,"minecraft:play_time":9313,"minecraft:sprint_one_cm":6425,"minecraft:damage_taken":215,"minecraft:walk_one_cm":21836,"minecraft:sneak_time":1472,"minecraft:mob_kills":8,"minecraft:jump":123,"minecraft:damage_dealt":1607,"minecraft:time_since_death":9313,"minecraft:total_world_time":9313,"minecraft:fly_one_cm":13047,"minecraft:fall_one_cm":2083},"minecraft:used":{"minecraft:rotten_flesh":7,"minecraft:dirt":17,"dedsafio_3:infernal_sword":23,"minecraft:snowball":8}},"DataVersion":3465}