{"stats":{"minecraft:picked_up":{"minecraft:rotten_flesh":2,"minecraft:slime_ball":1},"minecraft:custom":{"minecraft:time_since_rest":25,"minecraft:crouch_one_cm":809,"minecraft:sprint_one_cm":8527,"minecraft:play_time":9567,"minecraft:deaths":2,"minecraft:damage_taken":6371,"minecraft:walk_one_cm":19002,"minecraft:sneak_time":328,"minecraft:mob_kills":1,"minecraft:jump":95,"minecraft:damage_dealt":278,"minecraft:leave_game":5,"minecraft:walk_on_water_one_cm":334,"minecraft:time_since_death":0,"minecraft:total_world_time":9567,"minecraft:fall_one_cm":2090,"minecraft:fly_one_cm":13430,"minecraft:player_kills":1},"minecraft:killed":{"dedsafio_3:sapo":1},"minecraft:used":{"minecraft:rotten_flesh":2},"minecraft:killed_by":{"minecraft:player":2},"minecraft:mined":{"minecraft:grass":3,"minecraft:tall_grass":3}},"DataVersion":3465}