{"stats":{"minecraft:picked_up":{"dedsafio_3:armadura_infernal_boots":1,"minecraft:cooked_beef":64,"dedsafio_3:lana_arcoiris":1,"dedsafio_3:taxi":3,"minecraft:diamond_sword":1,"minecraft:potato":1,"dedsafio_3:cetro_ancestral":2,"dedsafio_3:tenedor":1,"dedsafio_3:armadura_infernal_chestplate":1,"minecraft:string":1,"minecraft:dirt":81,"dedsafio_3:infernal_sword":2,"minecraft:diamond_leggings":1,"minecraft:wheat_seeds":5,"dedsafio_3:sc_3":1,"minecraft:diamond_helmet":1,"minecraft:enchanted_golden_apple":1,"minecraft:egg":1,"dedsafio_3:casino_d_3":1,"minecraft:dandelion":1,"minecraft:diamond_chestplate":1,"dedsafio_3:armadura_infernal_helmet":2,"minecraft:rotten_flesh":7,"minecraft:slime_ball":1,"dedsafio_3:dedita_gold":1,"minecraft:diamond_boots":1,"dedsafio_3:sapo_spawn_egg":1,"minecraft:golden_apple":9,"dedsafio_3:armadura_infernal_leggings":1,"dedsafio_3:manzana":2,"minecraft:totem_of_undying":6,"dedsafio_3:rana_gigante_spawn_egg":1,"minecraft:snowball":26,"dedsafio_3:cuchara":1},"minecraft:mined":{"dedsafio_3:lana_arcoiris":1,"minecraft:dandelion":1,"minecraft:grass_block":5,"minecraft:tall_grass":9,"minecraft:sugar_cane":2,"minecraft:grass":53,"minecraft:dirt":18},"minecraft:killed":{"dedsafio_3:tiki_guardian":1,"dedsafio_3:blaze_storm":2,"dedsafio_3:bone_spider":5,"dedsafio_3:sapo":1,"minecraft:spider":1,"dedsafio_3:rana_gigante":2,"minecraft:zombie":10,"dedsafio_3:fogata":1,"dedsafio_3:wild_fire":1,"dedsafio_3:fantasma_rojo":4,"dedsafio_3:infernal_bull":2,"dedsafio_3:creeper_cake":1},"minecraft:custom":{"minecraft:mob_kills":33,"minecraft:leave_game":1,"minecraft:time_since_death":44125,"minecraft:damage_resisted":134,"minecraft:time_since_rest":44125,"minecraft:sprint_one_cm":65505,"minecraft:walk_one_cm":112591,"minecraft:damage_taken":3228,"minecraft:damage_absorbed":616,"minecraft:drop":2,"minecraft:damage_dealt":10868,"minecraft:fly_one_cm":158927,"minecraft:player_kills":2,"minecraft:crouch_one_cm":3095,"minecraft:play_time":44125,"minecraft:sneak_time":2699,"minecraft:walk_under_water_one_cm":6677,"minecraft:jump":1056,"minecraft:walk_on_water_one_cm":3804,"minecraft:total_world_time":44125,"minecraft:fall_one_cm":31014},"minecraft:dropped":{"minecraft:dirt":2,"dedsafio_3:cetro_ancestral":1},"minecraft:used":{"dedsafio_3:rana_gigante_spawn_egg":1,"dedsafio_3:batidora_legendaria":2,"dedsafio_3:armadura_infernal_boots":1,"dedsafio_3:lana_arcoiris":1,"minecraft:rotten_flesh":7,"minecraft:golden_apple":9,"dedsafio_3:taxi":2,"minecraft:dirt":35,"dedsafio_3:manzana":3,"dedsafio_3:stone_plyaer":6,"dedsafio_3:infernal_sword":214,"minecraft:snowball":26,"dedsafio_3:espada_fantasmal":26,"dedsafio_3:sc_3":1,"minecraft:totem_of_undying":2,"minecraft:diamond_sword":11,"minecraft:potato":1,"minecraft:cooked_beef":13,"dedsafio_3:pildora":6,"minecraft:enchanted_golden_apple":1,"minecraft:diamond_leggings":1}},"DataVersion":3465}