{"stats":{"minecraft:picked_up":{"dedsafio_3:armadura_infernal_boots":1,"dedsafio_3:armadura_infernal_helmet":1,"minecraft:rotten_flesh":7,"dedsafio_3:taxi":2,"dedsafio_3:dedita_gold":1,"minecraft:potato":1,"dedsafio_3:armadura_infernal_leggings":1,"dedsafio_3:tenedor":1,"dedsafio_3:armadura_infernal_chestplate":1,"dedsafio_3:cuchara":1,"minecraft:string":1,"minecraft:snowball":26,"minecraft:dirt":47,"dedsafio_3:infernal_sword":1},"minecraft:killed":{"minecraft:spider":1,"minecraft:zombie":10},"minecraft:mined":{"minecraft:grass":1,"minecraft:grass_block":2,"minecraft:dirt":15},"minecraft:custom":{"minecraft:time_since_rest":21313,"minecraft:crouch_one_cm":1731,"minecraft:play_time":21313,"minecraft:sprint_one_cm":13704,"minecraft:damage_taken":317,"minecraft:walk_one_cm":47938,"minecraft:sneak_time":1899,"minecraft:mob_kills":11,"minecraft:jump":292,"minecraft:damage_dealt":1971,"minecraft:time_since_death":21313,"minecraft:total_world_time":21313,"minecraft:fly_one_cm":39260,"minecraft:fall_one_cm":8526},"minecraft:used":{"minecraft:rotten_flesh":7,"dedsafio_3:taxi":2,"minecraft:dirt":17,"dedsafio_3:stone_plyaer":4,"dedsafio_3:infernal_sword":29,"minecraft:potato":1,"dedsafio_3:pildora":6,"minecraft:snowball":26}},"DataVersion":3465}