{"stats":{"minecraft:mined":{"travelersbackpack:standard":3},"minecraft:used":{"travelersbackpack:standard":6,"minecraft:crafting_table":1,"minecraft:rooted_dirt":1,"minecraft:oak_pressure_plate":3},"minecraft:dropped":{"minecraft:iron_ingot":64},"minecraft:picked_up":{"travelersbackpack:standard":3,"minecraft:iron_ingot":64},"minecraft:crafted":{"minecraft:iron_leggings":1,"minecraft:iron_boots":1,"minecraft:iron_chestplate":1,"minecraft:iron_helmet":1},"minecraft:custom":{"minecraft:time_since_rest":22612,"minecraft:crouch_one_cm":1025,"minecraft:sprint_one_cm":5497,"minecraft:play_time":22612,"minecraft:damage_taken":310,"minecraft:walk_one_cm":16586,"minecraft:sneak_time":1175,"minecraft:drop":1,"minecraft:jump":41,"minecraft:leave_game":3,"minecraft:walk_on_water_one_cm":81,"minecraft:time_since_death":22612,"minecraft:total_world_time":22823,"minecraft:interact_with_crafting_table":1,"minecraft:fall_one_cm":4284,"minecraft:fly_one_cm":93924}},"DataVersion":3465}