{"stats":{"minecraft:used":{"minecraft:elytra":1,"minecraft:firework_rocket":8,"minecraft:red_wool":48},"minecraft:mined":{"minecraft:oak_leaves":1},"minecraft:custom":{"minecraft:jump":12,"minecraft:time_since_rest":5657,"minecraft:crouch_one_cm":34,"minecraft:leave_game":1,"minecraft:sprint_one_cm":948,"minecraft:play_time":5657,"minecraft:walk_on_water_one_cm":1538,"minecraft:time_since_death":5657,"minecraft:walk_one_cm":3260,"minecraft:walk_under_water_one_cm":3541,"minecraft:sneak_time":120,"minecraft:climb_one_cm":48,"minecraft:total_world_time":5657,"minecraft:swim_one_cm":6445,"minecraft:fall_one_cm":209,"minecraft:fly_one_cm":43909,"minecraft:aviate_one_cm":77681}},"DataVersion":3465}