{"stats":{"minecraft:used":{"travelersbackpack:standard":6},"minecraft:mined":{"travelersbackpack:standard":3},"minecraft:picked_up":{"travelersbackpack:standard":3},"minecraft:custom":{"minecraft:jump":9,"minecraft:time_since_rest":14544,"minecraft:crouch_one_cm":347,"minecraft:sprint_one_cm":3113,"minecraft:leave_game":1,"minecraft:play_time":14544,"minecraft:walk_on_water_one_cm":81,"minecraft:time_since_death":14544,"minecraft:walk_one_cm":7197,"minecraft:sneak_time":607,"minecraft:total_world_time":14755,"minecraft:fly_one_cm":62398}},"DataVersion":3465}