{"stats":{"minecraft:used":{"minecraft:oak_log":1,"minecraft:dirt":2},"minecraft:custom":{"minecraft:time_since_rest":3203,"minecraft:deaths":2,"minecraft:crouch_one_cm":370,"minecraft:sprint_one_cm":13286,"minecraft:play_time":21710,"minecraft:damage_taken":280,"minecraft:walk_one_cm":6444,"minecraft:sneak_time":83,"minecraft:drop":1,"minecraft:jump":61,"minecraft:leave_game":3,"minecraft:time_since_death":3199,"minecraft:total_world_time":21710,"minecraft:fall_one_cm":2278,"minecraft:fly_one_cm":20002},"minecraft:killed_by":{"dedsafio_3:rana_gigante":1},"minecraft:picked_up":{"minecraft:wheat_seeds":1,"minecraft:oak_log":1,"minecraft:dirt":2},"minecraft:dropped":{"minecraft:wheat_seeds":1},"minecraft:mined":{"minecraft:grass":2,"minecraft:grass_block":2,"minecraft:oak_log":1}},"DataVersion":3465}