{
  "__COMMENT1": "To apply this configuration to all newly generated worlds",
  "__COMMENT2": "please place this configuration file into your config directory",
  "__COMMENT3": "with the following name: cpm-server-default.json",
  "player_scaling": {
    "543f71ef-3421-486f-a6b5-480af57bf183": {},
    "d9027f1c-616a-4afe-a142-d44d6673c9ed": {},
    "0e132dfa-2ac9-3d28-85a7-d32e9894f81f": {},
    "444cf323-978c-3e83-9288-612345bfec67": {},
    "fd5acb46-f5bb-31a1-9b53-3f21680e3e7d": {}
  },
  "skins": {},
  "player_scaling_settings": {},
  "scaling_settings": {
    "projectile_dmg": {},
    "mining_speed": {},
    "motion": {},
    "third_person": {},
    "hitbox_width": {},
    "eye_height": {},
    "mob_visibility": {},
    "flight_speed": {},
    "knockback_resist": {},
    "reach": {},
    "health": {},
    "jump_height": {},
    "attack_speed": {},
    "explosion_dmg": {},
    "view_bobbing": {},
    "defense": {},
    "attack_knockback": {},
    "step_height": {},
    "width": {},
    "hitbox_height": {},
    "attack_dmg": {},
    "fall_damage": {},
    "entity": {},
    "height": {}
  }
}