{
  "dungeons_arise:wda_root": {
    "criteria": {
      "WDA": "2024-10-31 00:05:30 +0000"
    },
    "done": true
  },
  "minecraft:recipes/decorations/crafting_table": {
    "criteria": {
      "unlock_right_away": "2024-10-31 00:05:30 +0000"
    },
    "done": true
  },
  "minecraft:adventure/adventuring_time": {
    "criteria": {
      "minecraft:bamboo_jungle": "2024-10-31 00:05:30 +0000",
      "minecraft:river": "2024-10-31 00:17:02 +0000",
      "minecraft:savanna": "2024-10-31 00:17:04 +0000",
      "minecraft:plains": "2024-10-31 00:16:46 +0000"
    },
    "done": false
  },
  "DataVersion": 3465
}