{
  "minecraft:recipes/decorations/crafting_table": {
    "criteria": {
      "unlock_right_away": "2024-10-26 02:34:34 +0000"
    },
    "done": true
  },
  "minecraft:adventure/adventuring_time": {
    "criteria": {
      "minecraft:sunflower_plains": "2024-10-26 03:47:27 +0000",
      "minecraft:bamboo_jungle": "2024-10-26 02:34:35 +0000",
      "minecraft:dark_forest": "2024-10-26 03:44:42 +0000",
      "minecraft:river": "2024-10-26 03:44:48 +0000",
      "minecraft:plains": "2024-10-26 03:45:38 +0000"
    },
    "done": false
  },
  "DataVersion": 3465
}