{
  "dungeons_arise:wda_root": {
    "criteria": {
      "WDA": "2024-10-30 23:47:10 +0000"
    },
    "done": true
  },
  "minecraft:recipes/decorations/crafting_table": {
    "criteria": {
      "unlock_right_away": "2024-10-30 23:47:10 +0000"
    },
    "done": true
  },
  "minecraft:adventure/adventuring_time": {
    "criteria": {
      "minecraft:bamboo_jungle": "2024-10-30 23:47:18 +0000",
      "minecraft:beach": "2024-10-30 23:48:59 +0000",
      "minecraft:cold_ocean": "2024-10-30 23:49:11 +0000",
      "minecraft:jungle": "2024-10-30 23:48:53 +0000"
    },
    "done": false
  },
  "DataVersion": 3465
}