{
  "dungeons_arise:wda_root": {
    "criteria": {
      "WDA": "2024-10-30 18:47:10 -0500"
    },
    "done": true
  },
  "minecraft:recipes/decorations/crafting_table": {
    "criteria": {
      "unlock_right_away": "2024-10-30 18:47:10 -0500"
    },
    "done": true
  },
  "minecraft:adventure/adventuring_time": {
    "criteria": {
      "minecraft:bamboo_jungle": "2024-10-30 18:47:18 -0500",
      "minecraft:beach": "2024-10-30 18:48:59 -0500",
      "minecraft:cold_ocean": "2024-10-30 18:49:11 -0500",
      "minecraft:jungle": "2024-10-30 18:48:53 -0500"
    },
    "done": false
  },
  "DataVersion": 3465
}